Feature,IDF,Weight_Class_-1,Weight_Class_0,Weight_Class_1
aaa,7.790097235513905,-0.1996132370333523,-0.12653937573790594,0.23027723505995978
abandon,7.790097235513905,-0.8413878868439107,-0.24041513956992588,0.5200500895008028
able,5.532974516596616,-0.10641729218885121,-0.6042868680023261,0.371264572217469
absolute,6.095501514739497,0.5794482127760138,-0.4794432858978356,-0.08145377521894756
absolutely,4.963441292003848,-0.6374348374557528,-0.43745420183166767,0.6510597877388825
absolutely amazing,8.195562343622068,1.353696547266795,-0.22483255355665974,-0.6273545099927766
absolutely beautiful,8.195562343622068,0.11598416565958186,-0.00035015328618354016,-0.03690112139492326
absolutely gorgeous,7.9078802711702885,-0.28554243868243195,-0.23608294861741771,0.20015756094216494
absolutely love,7.502415163062124,-0.3045834307090803,-0.18080249388840328,0.1672619935996848
absolutely recommend,8.195562343622068,0.6696769049045193,-0.13732640593546036,-0.38252651180832054
absolutely stun,8.195562343622068,-0.23103577017382518,-0.28936285133897416,0.299327475038298
absolutely terrible,8.041411663794811,0.506548289441589,0.8658943786454215,-0.5760169075445388
absolutely worth,7.790097235513905,-0.6249660536331894,1.126431574398101,-0.5455825026017017
absurd,7.502415163062124,0.2865214531287695,0.27236900889455284,-0.19354625608519127
abusive,8.195562343622068,1.3919545831770241,-0.6744420986786738,-0.7008806061323393
abysmal,8.195562343622068,-0.23171773643963012,-0.7044920184563361,0.4975867760258587
accept,7.9078802711702885,-0.8182477666371875,-0.38563461869038423,0.7248570827234456
accessible,7.684736719856078,-0.6870618404257947,-0.4032344830194069,0.6214548018598441
accomplish,8.195562343622068,-0.012912398072556354,0.805062157304794,-0.36904501861554034
accurate,7.9078802711702885,-0.32804151211938737,-0.6358004913469696,0.5733057993019367
achieve,7.279271611747914,0.21151994752165817,0.9014986643266105,-0.5463161877676657
act,6.8092679825021785,0.177095797183135,-0.15741591542984737,-0.08019481349434085
active,8.041411663794811,-0.7123449612527197,-0.0005106978366177335,0.29676270345608574
actively,7.4223724553885875,-1.0851926292832363,1.1293794434117654,0.07314858150513233
actual,6.116120801942233,0.7458710835538146,-0.5524391860860587,-0.3092377565085361
actually,4.918417610629893,-0.6023939921453346,-0.8440157826228644,0.9828323168216488
actually care,8.195562343622068,-0.2022094575083021,-0.1496262342046513,0.2852439345844073
actually good,7.348264483234865,0.543247720227281,-0.4400340250013347,-0.006598810911149386
ada,8.041411663794811,1.217891229909154,-0.03782801607363355,-0.7552507676524912
adapt,8.195562343622068,-0.08694545888914136,0.8175781359357188,-0.1510285831575571
add,4.805538262558039,-0.658394717836727,-0.08991547793132379,0.37150225700096123
add new,7.348264483234865,-0.6121136662078439,-0.0003137760843158091,0.1881239249571883
added,7.790097235513905,0.6615332615844096,-0.6031698785092079,0.041796663819061955
addict,6.460961288233962,-0.1645528836460949,0.19539070080569815,-0.0340480587819123
addicting,8.041411663794811,-0.019337898336011308,0.4606876519884679,-0.27487829660559715
addictive,6.8092679825021785,0.22199324133203305,0.005881924985708148,-0.04667573627915785
additional,7.589426540051753,-0.12501292300081696,-0.10055800211721412,0.2882193337819107
additionally,7.9078802711702885,-0.1963483009032022,-0.0002778874896796849,0.09552479697636118
address,7.9078802711702885,0.2587764143929838,-0.14531843657504093,0.05188577198947635
adjust,7.9078802711702885,-1.08495822967063,0.5190578326769514,0.27604250197656627
adorable,8.195562343622068,-0.5444503831722868,-0.16476938353571471,0.40655126166020744
advance,8.195562343622068,1.2110280134180604,-0.8655140550106402,-0.09917345400613224
aesthetic,8.195562343622068,0.5397141914104934,-0.08833149713249727,-0.3265721734408534
affect,7.214733090610343,-0.1643372608959331,-1.0307319009953617,0.7361855935736296
afk,8.195562343622068,0.37014273435163686,-0.1541785522454451,-0.2700895357608876
aggressive,7.684736719856078,0.747774594030991,0.43352653712340494,-0.7883839199777093
ago,6.349735653123738,-0.08020652254065268,0.7293770017535433,-0.37709373078961667
agree,7.589426540051753,-0.5735343782432873,0.341273950226554,0.17034706121252208
ah,8.195562343622068,-0.0985891622707365,0.8157069878430857,-0.5904063431235169
ahead,7.348264483234865,-1.194625257950922,-0.8189624055807918,0.8657533480062878
ahh,8.195562343622068,1.2808574568956854,-0.9794109359714592,-0.4646417403232732
ai,6.349735653123738,-0.08266817223264428,-1.0318890953673767,0.6051720329070833
ai generate,8.195562343622068,1.4882150959029359,-0.18708778661114828,-0.8075126878612069
aim,6.991589539296133,0.16642078085406453,-0.0879345511686933,-0.31390589621902903
ain,7.9078802711702885,0.20948145069915852,-0.6696549914979597,0.29452425635817314
alike,8.041411663794811,-0.15723072703674001,-0.17934685705829764,0.2656915803838098
alive,6.65511730267492,-0.42907118455620863,-0.5949483814331574,0.545371627334907
alkimia,8.041411663794811,-0.3629831831593611,-0.674557314169971,0.5827346638317055
allow,6.095501514739497,-0.29974661293516014,-1.1374726864296332,0.5001764828154113
alot,8.195562343622068,-0.32704091328196333,0.7388312214942919,-0.3912796186349911
alright,7.4223724553885875,-0.22227065618438419,-1.1538873586737455,0.8622430671473099
alt,8.195562343622068,0.5988341091883189,-0.45148875915686343,-0.24942446715578231
amaze,4.983375506904665,-2.3188467351603337,-0.9051776562007402,1.291373394944124
amaze feel,8.195562343622068,-0.19277226759495228,-0.18535666806842443,0.1573319315639742
amaze great,8.195562343622068,-8.044527395168334e-05,-0.10065259264987235,0.05602283438949662
amazing,4.828266513635596,-1.3201309936793035,-0.9984989729513329,1.3025017127811014
amazingly,8.195562343622068,-0.44986326028012824,0.7308911383427996,-0.17954110834820924
amd,7.9078802711702885,-0.7378007822421915,0.9879129403199651,-0.2917525249973492
angry,7.684736719856078,1.2308973668114764,-0.8090635460207145,-0.5076575378072588
anime,7.214733090610343,-0.06625299253295358,-0.009372445159952553,-0.015360731668120582
announce,7.684736719856078,-0.3879743155621779,0.541887903353308,0.021949773763268433
annoy,6.0554961801257985,1.969150064105061,-0.8241645065434249,-1.207714477870699
annoying,7.4223724553885875,0.18803053179476806,-0.2619781997907009,0.11325485205563889
anti,7.279271611747914,1.0115274894570894,-0.26777734928282837,-0.5976049813713052
anymore,6.403802874394014,0.8248188817399318,-0.9178638467379195,-0.13499707532466937
anytime,8.195562343622068,0.08843948057646936,-0.016089792570129408,0.027936382086424672
apart,7.214733090610343,-0.2332940657376618,-0.6316196562183151,0.6785310779405214
apex,8.041411663794811,0.8184851077276225,-0.6715109984059866,-0.11211991912796103
apparently,7.279271611747914,0.5557314766609781,0.12105365736728882,-0.3535674817945134
appeal,7.9078802711702885,0.7281531918379996,-0.09128485631931162,-0.5144035118150152
appear,6.896279359491808,1.0261611517973672,0.3407000683797073,-0.8050816695416714
appreciate,6.490814251383644,-0.9879533508663046,-0.5672635712664564,0.7437711140689591
approach,7.589426540051753,-0.3280212887070905,-0.0008630793976336362,0.22737970815138087
arcade,7.684736719856078,-0.22121849380399108,0.5976966213709121,-0.05018242025330353
aren,6.5533346083649775,-0.08199807151746404,0.38237911134174685,-0.12804881483323147
arent,8.041411663794811,-0.3249142002032957,-0.8899073184644366,0.3034316577070359
arguably,8.041411663794811,0.05198617133465464,-0.09531548301925591,0.2103105563607037
arkham,7.684736719856078,-0.28452608261286944,-0.8290890928498651,0.6433609335800088
arrive,7.790097235513905,-0.33306860221083445,0.9634275909674899,-0.5968582274584923
art,7.348264483234865,-0.3639658999165189,-0.1978986840050545,0.1039544494938441
artistic,8.041411663794811,-0.34370363773568974,-0.0003130248201522038,-0.03565636606382193
aside,6.942799375126701,-0.7626426602174244,-0.9228780517352189,1.048797931020544
ask,6.43197375136071,0.6885851003045136,-0.25712258138128585,-0.29360812920578916
ass,7.0428828336836835,1.863583610135601,-1.0600044280333811,-0.9871356474811679
associate,8.195562343622068,0.11505713096055709,-0.6934754311028184,0.3389563228103668
assume,7.502415163062124,-0.062083642114973143,-0.17279670166106662,-0.05343356384857701
atleast,7.9078802711702885,-0.7699540987304633,-0.009154796670117829,0.36204749347971005
atmosphere,7.684736719856078,0.022576077641596644,-0.00020478799453886186,-0.06483848818172863
atrocious,8.041411663794811,0.16012694767254046,-0.00021528030218503588,-0.05616563912206084
attach,7.684736719856078,0.4363628022004679,-0.3028134676265215,-0.0037483579982664945
attack,7.0428828336836835,1.1128239699190343,-0.610401842960781,-0.7943450552315925
attempt,7.9078802711702885,1.478862133865931,-0.5522578709113183,-0.8790692973487632
audio,7.0428828336836835,0.143593102877731,1.3088044172183215,-0.902531125461807
authentic,8.195562343622068,0.10702304233349498,0.4541770138924531,-0.38207907716684175
automatic,8.195562343622068,-0.6769079579569559,-0.1358343979542846,0.3701275631429464
automatically,7.790097235513905,-0.014143540030163678,-0.14727591889723932,0.008379441353940668
available,6.586124431187969,0.8425583908648865,-0.2834307951645681,-0.26560642145563707
average,6.942799375126701,-0.41970747380049694,0.736567309477818,-0.3460293850364419
avoid,6.586124431187969,-0.04312922549120286,0.37523949248548055,-0.29169893231491173
aware,7.9078802711702885,-0.3127707730677408,-0.26065636698617983,0.31789855462721855
away,5.532974516596616,0.0850276555386635,-0.27174799273230704,0.11545852084022094
awesome,5.476462306333274,-1.556042890098245,-1.4790540538729573,1.5182722870913037
awful,6.586124431187969,1.4006403197789747,-0.8805884437714584,-0.7242937680033932
awsome,7.589426540051753,-0.3270955014097913,0.4719043883302031,-0.3167333083189324
bad,4.185203437473061,1.8147388489709841,-0.7456187779804254,-1.2965432583919188
bad bad,7.348264483234865,0.9108317862093922,-0.51668588497506,-0.6007792633106344
bad good,7.684736719856078,-0.41138097935842,0.1418599678114429,0.3353588033852536
bad ive,7.589426540051753,0.13604221074702152,0.5489020665460597,-0.30522337844767483
bad love,8.195562343622068,-0.4683537071130392,1.474892695953976,-0.3780919083987262
badly,7.9078802711702885,1.0624295920340947,-0.8796736468126122,-0.060909208212060535
balance,6.116120801942233,-0.5662916792482573,-0.034697155821223624,0.23184663894702148
balanced,7.790097235513905,0.10512802143178004,-0.4263612458079663,0.2310714508705287
ball,8.195562343622068,0.8022958384546699,-0.8782038573367591,-0.05850316374209032
ban,6.942799375126701,1.6403912898868371,-1.673175192397321,-0.8445150574726523
barely,6.43197375136071,0.208462807282502,0.8508383781759277,-0.763435318292532
base,5.5928726581776855,-0.04643056599936188,-0.40575514003054675,0.36047102004615406
basic,6.942799375126701,0.496790640859164,0.5215744250572864,-0.9096351576416446
basically,6.095501514739497,-0.14801962861703136,-0.38557128432160276,0.3170834700843547
batman,7.9078802711702885,-0.4054855393724936,-0.3000858041487334,0.3305734639243474
bear,7.790097235513905,-0.4495106154003182,-0.5788679552982482,0.603539258548685
beat,6.116120801942233,0.32125192481603343,-0.06652687835709635,-0.10481791317973559
beautiful,5.27779161153779,-1.621853179611727,-1.426694670609468,1.6478829437990037
beautifully,7.4223724553885875,-0.31651462560008775,-0.9300220014211025,0.6246314263148716
beg,7.589426540051753,0.6654139698257877,-0.591696652689843,-0.1321103800850825
begin,6.5533346083649775,-0.5025197671344183,-0.8152403422173261,0.3620840538417883
behave,8.041411663794811,-0.4127033332133362,-0.00455302271677876,0.19234946616858806
believe,5.9442705450155735,0.029986389280399477,0.6918559351616639,-0.4762921642498757
beloved,8.195562343622068,0.2481060420527027,-0.30961042145405565,-0.007662962276806914
best,3.7509522226464194,-1.355047272661345,-1.3343936689602696,1.7782013988411787
best far,7.589426540051753,0.575520967031283,-0.47278564817103996,-0.0022827997371441377
best feel,8.195562343622068,0.022551955206199268,-0.10254849227597834,-0.08922400185945627
best free,8.195562343622068,-0.00014885392765277383,-0.45078642187330964,0.00022074478279098778
best good,7.790097235513905,0.21446874858229956,-0.6514863078966385,0.06625553606915999
best ive,7.4223724553885875,-0.744829659430291,-0.6045778211465448,0.7056423265659227
best love,7.684736719856078,-0.17122853318358616,-0.1357704450087726,0.14592229851504698
best open,7.589426540051753,0.15312165432552738,-0.4885394274830117,0.2958905066315058
best recommend,8.195562343622068,-0.4006232564255809,-0.125227873370199,0.4315086680911887
best say,8.195562343622068,0.09277610646474721,-0.2963536433123907,0.2963465138661028
bias,7.684736719856078,-0.14395905204435555,0.054190420923261935,-0.021006615013676597
big,4.996889226071388,0.2885696965588393,-0.057021201633566936,-0.07629358340053428
big feel,8.041411663794811,-0.20286174383309877,-0.6224513315279329,0.3852138504165554
bit,7.348264483234865,-0.5912853203234076,-0.5199429596874011,0.6364368538932259
black,6.349735653123738,0.11244800675825445,-0.2173385908330804,0.14440467132777723
blast,8.041411663794811,-0.3560400363410224,-0.7224715465686999,0.4901173147653033
blend,7.589426540051753,-0.7644633226610812,0.7797967100125981,-0.3451107121160128
blind,7.589426540051753,0.04426508088288329,-0.8857850716490472,0.3584909642402366
block,7.502415163062124,0.967154791880465,-1.3349094498035894,-0.011538446199473328
blow,6.851827596920974,-1.0760689268803825,-0.9454870152133388,1.2442587681323998
blow away,8.195562343622068,-0.1929848485353821,-0.3951835197606851,0.30771215390947804
blue,8.041411663794811,0.8507090960739216,-1.1591997906196765,0.07320625163272704
boost,8.041411663794811,-0.09316545304979383,-0.2738636005760974,0.43736161265988466
boot,7.502415163062124,-0.7271037180024147,-0.5919811964994531,0.6491215877503745
bore,6.137174211140065,0.4749162255789396,0.3943883664373838,-0.5362186486455293
boring,6.521585910050398,0.913955629398326,-0.6168844130407463,-0.34211966984514297
bother,7.0428828336836835,0.5234877972928694,-0.028253372763928572,-0.31172930620468653
bounce,8.195562343622068,-0.575421987073897,-0.5016377937086479,0.6584921009888631
braindead,8.195562343622068,1.2123537981026398,-0.9861079279355639,-0.34943544548625627
break,5.7106556938340685,1.2057920327365157,-0.6148682725994608,-0.6566431826892601
breathe,7.790097235513905,0.7286700760677373,-0.6180972601297962,-0.25485595420636714
brilliant,7.348264483234865,-0.26732540370577784,-0.7009646345708772,0.5927346718901655
bring,5.892977250628023,0.035396665081154986,0.13482112772225568,0.06373395649785965
british,8.195562343622068,0.21578036468629902,-0.0007638406331963552,-0.19340741113346827
broken,6.942799375126701,1.6623928242265886,-0.7360135874953266,-1.0195164664657244
brutal,7.790097235513905,-0.16443007883706665,1.2242428515929094,-0.50945595112017
btw,7.9078802711702885,-0.6401413276316054,-0.1328800415864338,0.2827525832560321
buff,7.684736719856078,-0.2763605388265605,-0.36910395952601854,0.27814933638616773
bug,7.154108468793908,0.962982558906296,-0.989064983828612,-0.23299106671002262
buggy,6.691484946845795,0.7963774528050769,-0.07282342069378905,-0.37191093750914567
build,5.498685443117984,0.33048190132845234,-1.6633829828681699,0.4421645867800298
bully,8.041411663794811,1.4819312275361172,-0.6691262173051643,-0.8329911902768568
bump,8.195562343622068,-0.40841572532211673,-0.4539309798842298,0.5037494616029943
bungie,7.279271611747914,0.5454104338518158,-0.4944799211987966,0.1333465325222373
burn,7.502415163062124,0.7357538095559966,0.04405014949711999,-0.3294973265045619
bust,7.589426540051753,0.849389401573243,0.37099969343585926,-0.6808021148352591
busy,7.4223724553885875,-0.08340438866507782,-0.398587019428573,0.19629694463119488
buy,4.589159111332371,-0.12247371379698008,-0.03023435719411586,0.09758348345860655
buy new,7.9078802711702885,0.1406923781778412,-0.34562093646010617,-0.011885971130375319
camp,7.9078802711702885,1.2692058051272996,-0.06094466286372236,-1.0375934049536688
cannot_be,8.041411663794811,-0.6018734277692025,-0.2194940001258535,0.6111871522394148
cannot_recommend,7.348264483234865,0.6003053052746349,0.8150734471290778,-0.7577750942473419
cannot_wait,8.195562343622068,-0.4626126446295614,-0.3674728338696822,0.4590609846029529
capable,8.195562343622068,-0.2900408627161444,-0.0008096513208647924,0.2871219809152791
capcom,7.589426540051753,0.6696942381443131,-1.1916762714816633,0.3109452666410466
capture,6.896279359491808,-0.18006699138411875,-0.09291405444097896,0.19219089626547362
card,8.195562343622068,-0.7315119855734241,-0.4272615951935008,0.6185227160641531
care,6.203132178931863,-0.251272123381949,-0.8002359106873996,0.5460866788923695
careful,7.9078802711702885,-0.7087487468451387,0.68391871665463,0.03495498207152967
carry,6.991589539296133,-1.5372258891138666,1.4559446575860955,0.021564715063321093
cast,8.041411663794811,-0.501139895541226,0.5856212144042751,0.09485042852692249
casual,6.3237601667204775,-0.357042372781885,0.6495070680095397,-0.31762097194282957
catch,6.729225274828642,0.03126620256153294,-1.0864535557201092,0.5548577756315907
cause,6.460961288233962,-0.21823115879443367,0.12628562419415001,0.05455139160002719
cautious,8.041411663794811,-0.362777573469377,-0.00020595290101761135,0.059449870003132385
certain,5.797667070823699,-0.6186805879231798,0.5121322615370345,-0.15310107068727505
certainly,7.589426540051753,0.1521770808476691,-0.19788858347690283,-0.1245282155147611
challenge,6.65511730267492,-1.0365510447172022,-0.21487172627293347,0.46872861764790386
challenging,8.195562343622068,-0.234004325617684,-0.24251889933879903,0.3395655527815666
change,5.617873960383102,-0.2048689710856093,0.020469250603058656,0.17970960491246865
chaotic,7.502415163062124,0.9473581782922699,-0.8250971864500803,-0.28274931835470557
charge,8.195562343622068,0.9432981956957244,-0.38285784833561076,-0.3596338706798653
chase,7.279271611747914,0.07219167771297962,-0.7812942552328297,0.3884509430030527
chat,7.790097235513905,0.035443592448865927,0.4333146202785433,-0.34273474274211996
cheap,6.991589539296133,0.6227980490173701,-0.11515617038373838,-0.09775747024895635
cheat,7.684736719856078,-0.3928050200986853,1.107125242701775,-0.34121123667478775
check,6.460961288233962,-0.18279336401420498,-0.8755627830123288,0.5680454750152036
cheese,8.041411663794811,-0.49620927723252123,-0.3393039326022035,0.509068729341582
chill,7.348264483234865,-0.6747054744750549,0.009160303671829408,0.2382691087473385
chinese,7.684736719856078,0.45493627205671766,-0.6376406270713946,0.18378663932174943
choose,6.273749746145816,-1.418565363516982,0.46571926719592666,0.15414356447642022
cinematic,6.896279359491808,-0.15360154229492853,0.3840645672498958,0.07599076425234357
classic,6.075298807421978,0.4360980440084073,-1.3322282603373752,0.226021722252396
clean,8.041411663794811,0.24990589983992828,-0.0011129108340044965,-0.13565941302733076
clear,6.460961288233962,0.0970145107567542,0.5799739528959232,-0.458340342196136
clearly,6.729225274828642,-1.0731760545681244,-0.9094605359548029,1.0866343909499796
click,7.0428828336836835,-0.5325509631683268,-0.3915992385418759,0.5523552104310454
climb,7.4223724553885875,1.2802210679522206,-0.38345173436836705,-0.772721221751237
close,6.158680416361029,0.7952197057457792,-1.2350214364707168,-0.021346809264173185
clunky,7.4223724553885875,1.479989791077314,-0.6210187959173223,-0.5238828344660613
collab,7.4223724553885875,-0.841372615580716,0.09788456571368594,0.44555353551852733
collect,6.896279359491808,-1.012402926339378,-0.7292384345902138,0.8577853369780933
color,8.041411663794811,0.3216897597823071,0.2517180338513869,-0.27947693716528343
combat,7.589426540051753,-0.4074844056443351,-0.0007412340492390489,0.2493955270572855
combine,6.991589539296133,-0.07334560579783597,-0.6743447919792502,0.328799854872966
come,4.490153587556922,0.23035727521150975,-0.47351725637227915,0.15403745509489658
come good,7.9078802711702885,-0.11215864308825456,-0.9028609434522917,0.5826315523229477
come really,8.195562343622068,-0.30719613137379576,-0.09936645700284731,0.2783995980574515
comfortable,8.041411663794811,-0.6600179800703594,-0.26791390448071223,0.6455019700148911
commit,7.9078802711702885,-0.5524812483879024,-0.3754232155045872,0.5069334270631743
common,7.154108468793908,0.22622732236305032,0.26828396160764306,-0.36470696122991786
communicate,8.041411663794811,-0.8469215081976151,-0.14269869427506912,0.6212307776865057
compare,6.075298807421978,0.46814803902431273,0.561675431329383,-0.613911560577965
competitive,6.43197375136071,-0.9873541324779234,-0.019512462535234566,0.4350878573961863
complain,7.348264483234865,1.4351959920842423,-0.676911876227065,-0.6719054576517467
complete,5.362348999565853,-0.32267940927457384,0.20025406837488147,0.0531213482023131
completely,5.465533235801083,0.0039294594833401645,0.20670854897587784,-0.24740066607796618
completely different,7.9078802711702885,0.14977706646215583,1.0008257605216548,-0.7366721260433609
complex,6.991589539296133,-0.2190181539122649,-0.4388758548901275,0.531191483459355
complicate,7.502415163062124,0.6429272728937944,0.5266019501553969,-0.7530631350036909
concept,8.195562343622068,-0.020105697100416094,-0.6062053836195881,0.3596248261002947
concern,8.041411663794811,0.08802073039910785,-0.38587408361236264,0.20897937608794573
confidently,7.9078802711702885,-0.28429756212035234,-0.14737728356384752,0.1985563567259777
confidently say,8.041411663794811,-0.2890508503306904,-0.14986210557058516,0.20190193772458648
confuse,7.0428828336836835,-0.13800187048449233,0.199013767700176,-0.39709567905291726
connect,7.214733090610343,-0.00629422563532754,-0.21913662464796302,0.24225282192756936
conquer,8.041411663794811,-0.7360891773083567,-0.9568985149164538,0.9366427349060655
consider,6.586124431187969,0.06868597120789982,-0.4137304484383226,0.18567164040310724
consistent,7.9078802711702885,-0.2866462039100194,-0.21809591620187116,0.16392512794438005
consistently,7.348264483234865,0.1745737209022583,-0.35156023547901016,0.17339323488097588
constant,6.586124431187969,0.31302483824846966,0.8788359469454338,-0.6647328334334762
constantly,5.979988627617653,-0.3281381863151988,0.302778596512925,0.11437563834246711
consume,7.502415163062124,1.3770188244754513,-0.5759599248921697,-0.5999725146786451
content,6.036078094268697,-0.8570823358454035,-0.654072497165271,0.8944905434714193
continue,6.095501514739497,-0.061277535140863204,-0.3994245650943403,0.20717382650434535
continuously,8.195562343622068,-0.049133718198274945,-0.13075575028720687,-0.10859863665450203
control,7.348264483234865,0.2702045558202759,-0.4887100239837879,0.05301240286583958
cook,7.279271611747914,-0.3822502690812538,0.01340341661470657,0.15312761530065347
cool,5.089482012899213,-0.3772615356534066,-0.6597631540785925,0.7913502820158228
copy,7.502415163062124,-0.32401329992033706,-0.1906517681725524,0.19561404805837015
core,8.041411663794811,1.1772083952496228,-0.73276627467369,-0.41212210029278085
correct,7.9078802711702885,-1.1089044515697268,1.4775364832820987,0.01564083785865306
correctly,7.684736719856078,0.5660944934089094,-0.40685523853678107,-0.0009158949850751753
corrupt,8.041411663794811,1.5088527741983369,-0.4906394020103597,-0.7470135799685205
cosmetic,7.790097235513905,0.07739107235405068,-0.1546908844995271,0.09660447881233661
cost,7.4223724553885875,-1.2679563832013967,0.27004958178215704,0.47247022282768686
couldn,6.490814251383644,-0.18357946194803837,-0.1957259619529428,0.0594658839072498
count,7.589426540051753,0.4018950265145039,-0.24839339076438827,-0.13811699656928314
couple,7.4223724553885875,0.3671290698207917,-0.6253407184200561,0.3052497918769308
cover,7.279271611747914,-0.3174558113534837,-0.4387909776532624,0.4066486956559211
cozy,7.790097235513905,-0.07557360479238019,-0.7908827644415591,0.49303391829759785
cpu,7.9078802711702885,0.684730519917227,-0.7060769111111453,-0.29519450627495053
craft,6.768445987981924,0.721644514569784,0.428795157926808,-0.5413794258963939
crash,6.158680416361029,0.39429617798853317,0.16752828523739127,-0.3468249571782009
crawl,8.195562343622068,0.6760832458522428,-0.17715745471952138,-0.32126964730050256
crazy,6.586124431187969,1.38665738274342,-0.44295490290804196,-0.546759115602148
create,5.656588472563793,-0.3309594857648354,0.3756715048762818,0.2860032289165677
creative,6.521585910050398,-0.9056311358276755,-0.9150819571215654,1.1196591569631926
creepy,8.041411663794811,-0.33449422580170407,-0.3069816935811121,0.29830864260918316
crisp,8.195562343622068,0.0664523127638384,-0.8111119605934147,0.4592520652930247
crucial,8.195562343622068,0.2263306897052846,-0.00026754816930008637,-0.25484687626734787
current,6.349735653123738,-1.5146950778868977,0.38779101843487707,0.6689264137137955
currently,6.8092679825021785,-0.962826055395835,-0.8680684557358126,1.1660734177864405
custom,8.195562343622068,-0.5717759921167685,-0.4398068451727924,0.588131210064607
customize,7.790097235513905,0.017073464062716717,-0.2511951900199129,0.15901496462509593
cut,7.0428828336836835,0.35958140329484384,-0.6392224450795722,-0.19241142984453313
cute,7.790097235513905,-0.5824744919667099,-0.7867123923236228,0.8019031232412956
cuz,7.684736719856078,-0.09852390134754666,0.6438507120579381,-0.32359943864417035
daily,8.195562343622068,-0.44209532175243504,-0.28380378441577353,0.5549637764559537
damn,7.4223724553885875,-0.2502875183616095,-0.09823131640719879,-0.1532555336198779
damn good,8.195562343622068,-0.06850045500728207,0.6777344973263182,-0.3425221340606779
dangerous,7.9078802711702885,0.27695936279485905,0.4860928894155667,-0.5006520133471063
dark,6.896279359491808,0.5200179090024668,-0.7127620996959341,0.11382455411441196
dead,6.137174211140065,2.2079633555944405,-1.3381351192146211,-1.3681116246119196
deafen,7.9078802711702885,0.570992636846352,-0.04965020568608458,-0.3108789650743265
deal,7.154108468793908,0.5510009355532639,-0.39986312531081114,-0.22854309796097366
dear,7.9078802711702885,-0.42559956006434374,0.02191106168172283,0.28279438195558687
decent,6.116120801942233,0.07560544642734573,0.305928692535498,-0.2551897462268541
decently,8.195562343622068,-0.6986155558082384,0.7062937865964506,0.20139435416763862
decide,6.075298807421978,0.8993797210378109,0.201301896299219,-0.7333438235288086
dedicate,7.9078802711702885,0.773979060780277,0.9238640365907294,-0.825245547894252
deep,6.349735653123738,0.8109881295117726,0.3833251730059514,-0.6475278055237894
deeply,7.4223724553885875,-0.21192012998027485,-0.20217329136795467,0.1282979532384669
def,7.684736719856078,-0.24356423437475166,-0.782991183908928,0.6075613889294379
defeat,7.790097235513905,1.3948817711452086,-0.9942135837808783,-0.47627670619828
defend,8.041411663794811,0.44347235456306056,-0.028023112749669836,-0.24004546092975362
define,8.041411663794811,0.6337131908400613,-0.47990217391029105,0.06957913363513171
definitely,5.333361462692601,-1.526934699453285,-1.1959466900888946,1.4272287175654177
definitely need,8.195562343622068,-0.10178016689379953,-0.2860097255583985,0.2637651724426752
definitely recommend,7.154108468793908,0.16706146563772803,-0.31778208236750394,0.13250541757341275
definitely worth,8.041411663794811,-0.0006639041717166018,-0.042016974957454635,0.16827105981761725
delete,6.8092679825021785,0.3371245189309432,-0.8504005587406692,0.2896523764703109
deliver,6.729225274828642,-0.4682497422185241,0.3733515547107514,0.04825588606288942
demand,8.041411663794811,0.2902655595601282,0.5304486634098577,-0.19702037853051027
depend,6.991589539296133,0.7836088218741728,-1.1347869482716555,0.0482703849629186
depress,8.195562343622068,0.6064048579324068,-0.7621034065979724,0.1141368882221603
depth,8.041411663794811,-0.2814478605303918,-0.001374905730076528,0.19400298499068727
deserve,6.460961288233962,0.13144156426261577,-0.09276423137749168,0.00975217097730161
design,6.203132178931863,0.09610724880516647,0.8655407473929445,-0.7848456130440019
desire,8.195562343622068,-0.036243691148007656,-0.0005761273057965084,0.1429205576789682
desperately,8.041411663794811,0.6595691931450476,-0.21863781003978539,-0.2283381138719667
destiny,5.979988627617653,-0.6535821437143824,-0.5302905421810911,0.7308181758148424
destroy,7.214733090610343,0.8461582983955972,-0.5584146501132794,-0.17289837730427413
detailed,7.214733090610343,-0.001826800357435177,0.44033215445234875,-0.16864503045757095
dev,8.195562343622068,-0.45068558470027176,-0.7784613401309947,0.7247872753844246
develop,6.851827596920974,0.566244356281031,-0.35250360776298467,-0.06285270764357942
devs,7.214733090610343,-0.5648633753928286,-0.6281901981325417,0.774299903491344
didn,5.5928726581776855,-1.290983771466349,1.1286813064683172,0.09622329876475205
didn expect,8.041411663794811,-0.00023916065954290334,-0.03836464160435069,0.1562893498125401
didn know,8.041411663794811,0.12394716279359308,-0.880047834522466,0.45948448130541925
didn need,8.195562343622068,-0.43594826906128853,1.4826047424201934,-0.6917585992033359
didn really,8.041411663794811,0.8067272666346368,-0.05770775045029888,-0.20863086406423428
didn want,8.195562343622068,-0.4864751892557899,-0.30962746663716273,0.5780276857085597
didnt,7.154108468793908,1.7210302732843632,-0.9927892896987937,-0.7953318123358436
die,5.630612986160532,1.3740289817120326,-0.3333278901920097,-0.9529239919992422
different,5.143134726391533,0.09787229853775516,0.17338429058037996,-0.277135786632416
different best,8.195562343622068,-0.05490066441136341,-0.43236437928914495,0.323884881686003
difficult,6.095501514739497,0.4221300818158323,-0.43439837568820877,-0.11507197537067716
digital,7.9078802711702885,1.2594843932473097,-0.6744239931293569,-0.50867484157278
dip,8.041411663794811,-0.7270157652704908,-0.4444078457728368,0.6923676173053586
direct,8.041411663794811,0.9759503984179058,-0.21940478957994117,-0.3443635515957519
directly,7.684736719856078,-0.6609081056518579,0.54990033333071,-0.007204611945891538
disable,7.4223724553885875,-0.03367916559697168,-0.38135781904673227,0.1978535035462755
disappear,7.790097235513905,0.10647427764669795,-0.1002396259909639,-0.10383519008962795
disappoint,7.096950054953959,-0.4036016656528215,0.7096252584253341,-0.3015433204804
disappointed,7.502415163062124,0.6257441426714448,-0.4811992590371222,-0.22485324859650932
disappointing,7.214733090610343,1.6255717206848408,-0.5499462502761457,-1.0909982462479544
disconnect,7.502415163062124,-0.3111845869115459,-0.9755260091032754,0.6784324544110896
discover,6.8092679825021785,0.33159525575557036,-0.624946837399175,0.2021349323934889
disgust,7.684736719856078,1.0885086100397456,-0.9386338957555515,-0.3111613710371877
dislike,7.279271611747914,0.06159199861961746,-0.32206389313418576,-0.011344547847329462
dissapointed,8.195562343622068,1.180720468222611,-0.6703697479248867,-0.7609983309086177
distinct,8.041411663794811,-0.17009392765809206,0.6436168593850267,-0.405633261829515
distract,7.790097235513905,0.5793096314172191,-0.20570524612717644,-0.2727380311044356
dive,7.214733090610343,-0.4548042321959221,-0.5616763864122897,0.418257501016385
dlc,6.991589539296133,-0.5887957321175381,0.7775368960785431,-0.17188015861967862
dlcs,8.041411663794811,-0.536645657881397,-0.2315738202207081,0.5745362417137876
dodge,7.4223724553885875,0.7908527391291578,-0.41322871678520623,-0.5977688897810232
doesn,5.286841447057708,0.9508066030579732,-0.09319234986724978,-0.5551272257148482
doesn feel,8.195562343622068,-0.4325038391831581,0.0003872281421495919,0.277281148995458
doesnt,6.8092679825021785,-0.10830458548624187,1.5757948887568805,-0.8907327721305638
dont,5.038561922471955,0.7054642755275353,-0.47018068221813225,-0.1551675861141799
dont buy,7.9078802711702885,0.75380982604856,-0.7729955708209929,-0.13954179756150042
dont know,7.4223724553885875,-0.7937656049611198,-0.7436211438635919,0.9644902178224587
dont really,8.195562343622068,-0.7145895015565139,-0.4687786105846907,0.6763455205291814
dont want,8.195562343622068,0.8768943436719527,-0.3103914349622166,-0.4558225976060745
double,7.589426540051753,0.23282520862009376,-0.9284457467369566,0.17363641190660137
download,6.65511730267492,0.3284369059098456,-0.10916077530037456,0.10520606113073382
drag,7.589426540051753,-0.9309512374411609,0.33635406221585135,0.38972593266268196
draw,7.684736719856078,-0.4111355342307281,-0.2264637052555722,0.3725057153738781
dress,8.041411663794811,1.0914980383299402,-0.28792154051896274,-0.39774707062715525
drive,6.095501514739497,-0.353259611084792,-1.2028892894947796,0.7930391372784737
drop,6.349735653123738,0.6319891338396914,0.5649422494864302,-0.5460258017227132
dry,7.790097235513905,0.5247349516039808,-0.15386640872755983,-0.17745558523452523
dull,7.9078802711702885,1.3422825891802421,-0.45256524102599244,-0.8016315643137729
dumb,6.65511730267492,0.8519486308538798,1.5285463780237651,-1.3658699420910918
dump,8.195562343622068,0.37209728031889094,-0.16294384556153094,-0.15934073794987627
dynamic,7.502415163062124,-0.6081980256073438,-0.8983689960143236,0.870264865256936
ea,6.8092679825021785,0.05014418155222742,0.33748816966292866,-0.294153174028108
early,4.85742309792705,0.04013480282375934,-0.6389125670779561,0.30574296221697383
earn,6.43197375136071,-0.09982376839245538,1.025041997546233,-0.7706296253292171
easily,6.116120801942233,-0.4069543693001406,-0.8198313567287865,0.6531307006593238
easily best,8.041411663794811,-0.1599239562397391,-0.00018726560549458746,0.05949442076353714
easy,5.127509408488452,-0.9787006229185499,-0.29019920909429003,0.6904021888500135
easy easy,8.195562343622068,-0.13731349606227639,-6.299533616904105e-05,0.10938518469952074
easy learn,8.041411663794811,-0.031620451979852394,-0.0002680638683080587,0.09340004664735828
easy understand,8.041411663794811,-0.38188992141032524,-0.16486450524091487,0.3026500492965298
eat,7.154108468793908,0.967981070445978,-0.760706133424651,-0.31178243267355943
edit,7.4223724553885875,0.8113341197778517,-0.1848027938257898,-0.3714236516317454
effectively,8.195562343622068,-0.7552482767685393,-0.06598797541782571,0.6762789209418293
elden,7.502415163062124,-0.17118566319095266,-0.6975175214923689,0.5839314383588828
emotional,7.589426540051753,0.5748865356162115,-0.02496224677952409,-0.2435180522313044
emotionally,7.790097235513905,0.896278612067924,-0.19890806686202905,-0.3722613671339963
enable,8.195562343622068,0.5277762047653344,-0.2229887471170957,-0.30011464598025206
encounter,7.096950054953959,1.37219381964195,-0.5092694135867893,-0.7324704218774528
encourage,7.348264483234865,-0.3604934936143749,-0.00940791418285718,0.12685291968500595
end,5.544670556359807,0.32189046247782815,-1.7220441023448627,0.1366146950246477
endless,7.0428828336836835,-0.8022895787111295,-0.8135932911938972,0.9650041353775746
enemy,7.9078802711702885,1.804723444100715,-0.09785846710305149,-1.291943607007571
engage,6.403802874394014,0.6210026155232965,-0.43337738238450424,0.014858182847824714
engaging,7.502415163062124,-0.3963842012149625,-0.043802153265420814,0.2899820975985722
english,7.790097235513905,-0.5649419541234781,-6.0431808349716e-05,0.29298096493057935
enhanced,8.195562343622068,-0.6078794981917255,-0.3566627093427966,0.4743870839844449
enjoy,4.612043405165959,-1.1108877689462187,-1.7258954369175767,1.636205211167086
enjoy far,8.041411663794811,0.6154788594478084,-0.25834854291432174,-0.04438543456839459
enjoy good,8.041411663794811,-0.12320108446172172,-0.0856102610805856,0.24535547106120653
enjoy great,8.195562343622068,-0.17923419810609773,-0.022435229810231213,0.2346849312304382
enjoy look,8.041411663794811,-0.1640971192453987,-0.0003572937008631805,-0.00646306245118401
enjoyable,5.724641935808808,-1.3481336485789068,-0.9035841743095366,1.1323893493269024
ensure,8.195562343622068,0.4039473242614261,-0.015004175989681314,-0.2723897271015952
enter,7.214733090610343,-0.2170390439740563,-0.8165400398705462,0.3734801373128904
entertain,7.589426540051753,0.3225532380666673,-0.8433646330499471,0.23911496441046257
entertaining,7.589426540051753,-0.16672123088581942,-0.8489374643257653,0.6438850426043098
entire,5.6832567196459545,-0.014327002953708597,0.3087188185234627,-0.2405677385822948
entirely,7.348264483234865,0.2625428104682675,-0.30696033240901077,-0.08970254602093852
environmental,7.9078802711702885,-0.18842051034840807,-5.0585447087667606e-05,0.047829061468735536
epic,7.684736719856078,1.2192941654561371,-0.699005965574721,-0.3759164175502868
equal,7.9078802711702885,-0.27628486377876194,-0.5676106384848046,0.43119783092102626
equally,8.195562343622068,0.2839506292440239,-0.0004023418560923631,-0.19191008925804035
equip,8.195562343622068,0.16570757334553057,-0.014248769295072742,-0.13055479207521342
es,8.195562343622068,-0.4909983648512868,0.7261134895704165,-0.3806281513621251
escape,7.502415163062124,-0.2305586074665028,-0.8333852986818052,0.5216822439308008
especially,5.119787362394542,-0.42914625209570234,-1.0575301558128873,0.8166961691759667
essentially,7.684736719856078,-0.4265252533318748,-0.3026449678259605,0.3227527611024235
eventually,6.521585910050398,0.9955082927600301,0.1893381861111686,-0.5508571604808421
evil,6.43197375136071,2.448368151424324,-0.3470902656585681,-1.6902584144796402
evolve,7.279271611747914,-0.33397677622820565,-0.575969477417779,0.5648732672971684
exact,7.154108468793908,0.5577187382823018,0.9355809376728355,-0.8680625958658806
exactly,6.203132178931863,-1.1693287570672508,0.5535428126592435,0.11011834258142043
exactly want,8.195562343622068,-0.019551138429150114,-0.33855075781030075,0.2650572430769888
exceed,8.195562343622068,-0.02234236440905791,-0.0004605963458726779,0.013323577104779216
excellent,6.075298807421978,-0.7472025403925775,-0.9515823745002543,1.0740707796766893
excite,6.3764039002059,-1.3954235897579363,-0.9203768239156267,1.154793313441542
excited,7.096950054953959,-0.7437970786045449,-0.5145754147673866,0.682286087526146
exciting,8.195562343622068,-0.686369391156797,-0.5856821721313314,0.6990458597529275
execute,7.4223724553885875,-0.7862232003890419,0.322342383571341,0.04574899578864592
exhaust,8.195562343622068,-0.1991349575446349,-7.197991684448245e-05,0.06549087994510357
exist,6.273749746145816,0.5779332941649534,-0.510983360445837,-0.08155010729387527
exit,8.041411663794811,-0.17505411583217861,-0.7160737650010096,0.5898546726816257
expand,6.991589539296133,-0.5436637354849152,-0.3584930282681908,0.47003387569255733
expect,5.412610834346741,0.2060539021188909,0.43105326711211184,-0.4008274818778197
expensive,6.991589539296133,-0.29106358985208947,-0.6940407058732639,0.7110722767016086
experience,5.828438729490452,0.12072923126841753,0.25581310032000937,-0.16885860751865514
experiment,7.790097235513905,0.4581232779666732,-0.039542441147073525,-0.47274554757860127
explain,7.0428828336836835,-0.6297339139185157,-0.47597727501152903,0.6463308579939105
exploit,7.502415163062124,0.26067766136217574,0.49012012984307546,-0.3756134729063199
explore,5.876447948676812,-0.4704673284134914,-0.2612519943295585,0.30795315498027565
extend,8.041411663794811,0.3678745263214993,-0.37838973060970205,-0.15268301797613454
extensive,8.195562343622068,-0.14664473977851256,-0.5193796933489734,0.4152374345367508
external,8.195562343622068,0.758620358284506,-0.776326350368709,-0.15298957178609737
extra,7.096950054953959,-0.844052993597949,-0.5674257544125322,0.8355465289889357
extremely,5.876447948676812,0.20409560194431023,-0.5001964985340001,-0.037322248082545355
extremely fun,7.790097235513905,-0.12686198449554836,-0.17059884462667282,0.3713864201277295
eye,8.195562343622068,-0.1426646332154857,-0.17666964273424596,0.21287575737787498
face,7.4223724553885875,0.7848489498616926,-0.11077287841937294,-0.5862074445498615
fail,6.768445987981924,1.0744150369711272,0.07958031382320936,-0.6936455640520471
fair,6.691484946845795,0.441119130917782,-0.4811932187765748,-0.09782397761082573
fairly,6.991589539296133,-1.1431694709103566,0.518372473388602,0.658430854791847
faithful,8.041411663794811,-0.327506529408193,-0.8365459657856705,0.7317842311227912
fall,6.5533346083649775,0.7274351624025978,-0.5122673411486693,-0.29927547823472384
familiar,7.502415163062124,1.210366418208797,-0.105299022284641,-0.6734593403771535
fan,8.041411663794811,-0.3766538552458272,-0.6451499686587406,0.5806946326646315
fantastic,5.738826570800765,-0.8093702113501324,-1.097812447206399,1.177043203724513
fantasy,7.9078802711702885,-0.8641592369380164,-0.23823140142299123,0.490434128053095
far,4.684016904791048,-0.21464747025355563,-0.1784420017156733,0.4130266492553557
far away,7.9078802711702885,-0.08436541862702109,-0.5488325958213752,0.22890689724802904
far best,8.195562343622068,-0.4507583393391269,-0.07241719155353345,0.21333020471762665
far good,7.589426540051753,-0.693967528145091,-0.08567403775504295,0.4194791967359337
far love,8.195562343622068,-0.00012630276173654213,-0.38303871869140943,0.18022029446593169
farm,7.279271611747914,0.23149048626539714,-0.7599914861080147,0.3924284820554327
fast,6.095501514739497,-0.00857699341741268,0.07167964459502334,-0.08118651695289936
faster,7.0428828336836835,0.9571985669177538,0.8675065476223172,-0.865325100598667
fat,7.589426540051753,0.8171244528913997,-0.9630631809836283,-0.07434841012098627
favorite,5.52141369419554,-0.7465716767564977,-1.2162182834384796,1.2389878332208595
favorite far,8.195562343622068,-0.029950976936165025,-0.22642949217672118,0.24213015230295398
favourite,7.279271611747914,-0.23976459522016424,0.35706680210717134,-0.2652570502892789
fc,7.4223724553885875,-0.2827083083784799,-0.6743463819922267,0.4746499376060811
feature,8.041411663794811,-0.03840471205554766,-0.48576772580869054,0.2698552087726368
feel,4.215880689720108,-0.7955636351885715,-0.24480583583920007,0.6296798728665655
feel alive,7.790097235513905,-0.06342300401910311,0.5330150194230602,-0.3381316773380576
feel fresh,7.9078802711702885,-0.0003172853018127632,-0.06502822475979513,0.09031818286339541
feel good,7.790097235513905,0.25947090055498107,-0.16061788737185756,-0.11990397740031594
feel little,7.790097235513905,0.6945359335575417,-0.5952535347979528,-0.22268765890142644
feel real,8.195562343622068,-0.00011423560073040365,-0.05484640236528932,0.0004125491437407748
feel really,7.790097235513905,-0.19509427369460985,-0.49795256253006326,0.3294691182435455
feel try,8.195562343622068,0.7600562790456479,-6.358304358873666e-05,-0.4998639210509881
fell,7.4223724553885875,-0.2265899643946894,-0.9265011118451985,0.7576669136450589
fellow,8.041411663794811,-0.7744471980010023,-0.1232396686781141,0.5152025326182819
felt,5.64351639099644,-0.03167958183563102,-0.9735027641032031,0.6140206096196841
felt good,8.195562343622068,0.5070101552057691,-0.15423325918989284,-0.15869738933219327
female,8.195562343622068,0.43594381336451266,-0.34565056088115237,0.034702387746478686
fest,8.195562343622068,1.2945593686082224,-0.7243684216125865,-0.6351697396012647
ff,8.195562343622068,-0.24178856462924306,-1.0781571102566787,0.8295581403867105
fh,7.348264483234865,-0.947583461874976,-0.16913348503115883,0.6021262755061728
fi,8.195562343622068,-0.38484837480187006,-0.6874561002981046,0.6687607316552105
fifa,7.9078802711702885,0.11231861151713463,0.38411783955236695,-0.2013795584830079
fight,5.696862371701733,1.2129824810982013,-0.9256665852908441,-0.3901261411107332
figure,6.62002598286365,-0.42791995420909534,-0.4059815899140588,0.34761331791943245
final,5.738826570800765,0.6396860176440515,-0.33631322324316837,-0.18618812750263253
finally,5.568481205053526,0.05110605087141264,0.3106504585050158,-0.13051939112109312
finally final,8.195562343622068,-0.23159073092059176,-0.21352025682627507,0.0008296794596638316
fine,6.017029899298002,-1.26301324641375,0.8370351723756261,-0.016807716213478204
finish,5.498685443117984,0.42211522073322155,-0.16873037766783044,-0.0594400971415467
finish main,8.195562343622068,-0.38563740329118756,-0.40246169003631543,0.4228915925756335
fish,7.589426540051753,1.1425157742454823,-0.7665747521799194,-0.39865462293657583
fit,7.096950054953959,0.03706168216519347,-0.0002901359333393927,-0.12497645288476246
fix,5.112124489648973,-0.053249769722054384,-0.03586343205063516,0.07135892961276087
flash,8.195562343622068,-0.35447860716184176,-0.21723481474724404,0.23312675902147695
flashy,8.195562343622068,-1.0346990949354207,-0.11716089044333879,0.5765985936479706
flat,7.9078802711702885,0.8160996568602619,-0.2084080537005576,-0.4779023860760985
flaw,8.041411663794811,0.3381125817919492,-0.0002157239762444527,-0.21944423334146046
flawlessly,8.195562343622068,-0.10937892555982458,-0.35792895975112554,0.1416889927357613
flesh,7.790097235513905,0.37234685879298446,1.0033937902401369,-0.6095673295480274
flip,7.9078802711702885,0.04423506796790681,0.35909690507809566,-0.17099392887427653
fluid,7.684736719856078,-0.22921073240829817,-0.6946854326528634,0.50266195726796
fly,6.896279359491808,0.6094536926050754,0.4357864793759945,-0.7325044495563099
focus,6.691484946845795,-0.562774541620251,-0.08938673723851072,0.46890400596791765
follow,6.5533346083649775,1.2391662990937684,-1.117567408451135,-0.42347241032775235
following,8.195562343622068,-0.23000173240000762,-0.060862549138069925,0.16087570832740525
force,6.137174211140065,1.0119978163283256,-0.5276172096536271,-0.5658319756502765
forever,6.691484946845795,-1.7265799570632911,-0.1396941705252975,0.961728891207419
forget,6.203132178931863,-0.12946806313941922,-0.9599585811090593,0.5893359876251163
fortnite,7.9078802711702885,0.7448794842315493,-0.013027648059151567,-0.4070700392983172
forward,6.180659323079804,-0.14119092468843436,-0.3388024520296451,0.2077306042878134
forza,6.991589539296133,0.34338586253381864,-0.9364581330292124,0.38454375399011353
fps,6.203132178931863,-0.026547048974016097,0.0782829899747832,-0.09208901622293335
frame,7.790097235513905,0.19725546366600735,-0.5317649878477808,0.03961172856333537
frankly,8.041411663794811,-0.26685742604460294,0.43758745612553845,0.07690681523247786
frantically,7.9078802711702885,0.10710817793996347,-0.16629961260248122,-0.21532444034315432
frantically loot,8.195562343622068,0.6593538571299972,1.5965611955459695e-05,-0.5734100849201419
free,5.112124489648973,-1.5194065924909896,-0.8461815785469918,1.1968488289460502
free good,8.195562343622068,0.40698569419406433,-0.0007976073095311066,-0.04473952216656009
freely,7.9078802711702885,-0.4289547147075956,-0.8435854070858535,0.5773658802410104
freeze,7.279271611747914,-0.21376227425213384,0.12587951459688293,0.11543251282485084
frequent,7.9078802711702885,1.2271807018541054,-0.23151392686963487,-0.7011544192476404
frequently,7.502415163062124,-0.34730208889703773,0.14305501394846143,0.14004015958822072
fresh,6.5533346083649775,0.07314956003501413,-0.9903619030374224,0.32947216624152903
friendly,6.8092679825021785,-0.5790684981514796,-0.8304666386861531,0.8493615055976335
friends,8.195562343622068,-0.27647173486408855,-0.0016943977372707222,0.28433254298144917
frontal,8.195562343622068,0.7358361589838189,0.5724137657681679,-0.7652098673381725
frustrate,6.3237601667204775,0.9033227636551335,-0.418903346548733,-0.5614418596082842
frustrating,6.8092679825021785,0.3548647229787373,-0.7183073678471062,0.10353106808518758
fully,6.729225274828642,0.6611835325493097,0.9074397824678508,-0.7354621322929485
fun,3.821903958618704,-1.2614490109454903,-1.1656640114710926,1.5146416154394704
fun good,7.502415163062124,-0.2217450212025784,-0.3780030943062801,0.3531470170687489
fun love,7.9078802711702885,-0.000785590205892599,-0.12409771291154618,0.09044074343132297
fun really,7.4223724553885875,0.22924839161961463,-0.4028217671889515,-0.054038502561139214
funny,5.828438729490452,-0.324426932765257,-0.79160209316682,0.8306882856771894
future,6.691484946845795,-0.9295278462337005,-0.12021806609559142,0.44755051814538116
gacha,6.851827596920974,0.5937220075924879,-0.4036353194805372,-0.005643315537532819
gain,7.348264483234865,-0.3115915206760345,0.5097122816460985,0.007253386050220722
galactic,7.9078802711702885,-0.3860454645425319,0.27122234173689724,-0.005051864972362043
gamble,6.203132178931863,-0.24887205263944806,0.2936784784137744,-0.0584547599096329
gameplay,6.768445987981924,0.6581062998763904,-1.4615388218828826,0.30989336490469344
gather,7.4223724553885875,-0.5292609420785037,-0.43466126077832923,0.3811219920417678
gay,7.9078802711702885,-0.09154690972935026,-0.8022988440404447,0.587664352832844
gb,8.195562343622068,-1.1213349390002936,-0.36256655789100223,0.7064973520536117
gear,7.4223724553885875,-0.9673103568945555,-0.26782477237575825,0.6382700099644858
general,6.851827596920974,0.21470661543017572,-0.2650018476250331,-0.032887233097274524
generally,7.279271611747914,0.21863624037145823,-0.20863733447782506,-0.05251477347358848
generate,7.502415163062124,-0.08261839159661985,-0.5999266305239196,0.2934902553723903
generic,7.348264483234865,0.3697034875893447,-0.43023867862552634,0.14271386543708894
generous,7.589426540051753,-0.5863412401614467,-0.7533447227938553,0.5546514872656738
genshin,7.684736719856078,0.4775526188141578,-0.8817138007721231,0.20623133738465835
genuine,7.348264483234865,0.12208937001291839,-0.27613229661368444,0.2285581070679605
genuinely,5.630612986160532,-0.22516032407832037,-0.2641745110656435,0.3153989225314683
genuinely best,8.041411663794811,-0.0003208144099210329,-0.33236869900996635,0.2289263966973518
german,7.9078802711702885,-1.1382621279662726,-0.09228027430845759,0.505044453375864
giant,7.502415163062124,-0.9180938178027721,-0.40271599555987125,0.7962388153584924
glad,7.214733090610343,-1.3176200339270885,-0.4589666646382256,1.1099227218423036
gladly,8.195562343622068,-0.17486302763300182,-0.5074379706453785,0.40418818361860126
glitching,8.195562343622068,0.8802670055202814,0.6203651374688023,-0.9884439471788043
glitchy,8.041411663794811,-0.186347006533645,0.4847198938358322,-0.3446439677961233
gnome,7.9078802711702885,0.634318566222278,0.3982418404309486,-0.5610213259398097
goated,6.8092679825021785,-0.1327006699439049,0.0036074606869214375,0.07050692275886701
god,7.154108468793908,-0.10212087790664029,-0.1622502490482273,0.22856563529344642
golden,8.041411663794811,0.5048007085040506,-0.7123829251166779,0.09633435970559948
gon,6.942799375126701,0.03830854937429263,0.5774763763298771,-0.22577260522659282
good,2.7735535047314825,-0.60957741627269,-0.9983868798362203,1.1778999164477215
good actually,8.195562343622068,-0.19594028534404523,-0.045819437451724544,0.17321233791326035
good amaze,8.041411663794811,-0.5640683138837835,-0.2515510843347076,0.23929685358008024
good bad,6.896279359491808,0.22695265703061418,0.46036624591519276,-0.09721410305385264
good best,8.195562343622068,-0.654096414921905,-0.16547193539812452,0.46706948004550874
good buy,8.195562343622068,-0.7057551331543691,-0.8088415782652789,0.7506351889389474
good come,8.195562343622068,-0.6892722967954992,1.036598269315769,-0.17683670233043797
good definitely,8.195562343622068,-0.20254341779905202,-6.40486628788662e-05,0.06714619903229065
good early,7.9078802711702885,0.10567408731816445,-0.14553231670743058,-0.013641141553201695
good enjoy,8.041411663794811,-0.1010605923051767,-0.5287113606504565,0.2095030264018132
good expect,7.9078802711702885,-0.41318514261311784,-0.7691196817003317,0.6437364803041815
good far,7.502415163062124,-0.13573656952316326,-0.6016637186943363,0.45359072682426604
good feel,8.195562343622068,-0.3866335290449911,-0.20211224117693286,0.40871044704642856
good fun,7.502415163062124,-0.2560908671537966,-0.2037732128733805,0.20871274758841185
good good,6.273749746145816,-1.1258127433917213,-0.827613663306666,0.8011600465894524
good great,7.348264483234865,0.2619190239565451,-0.1270417148400837,-0.04092879728148509
good hard,7.790097235513905,-0.1935017955695974,-0.655101491810453,0.6335575928803011
good high,8.041411663794811,-0.8330686393573263,-0.42942383292046155,0.7593303914419377
good ll,8.195562343622068,-0.5997574233294104,-0.1743654988918889,0.43747408222422957
good look,7.348264483234865,0.00819728135991186,-0.36741382586799437,0.15196142312630623
good love,7.279271611747914,-0.23111269991164612,-0.09542298644661801,0.12029653469454556
good maybe,8.195562343622068,-0.4411801547099184,-0.6248740577543743,0.47192414667285426
good need,7.9078802711702885,-0.8417546295193905,-0.7100675446303506,0.8403402982559597
good new,7.790097235513905,0.1340911744656739,-0.04528558167741445,-0.019430482738723737
good nice,7.9078802711702885,-0.2864408470016411,-0.2311786883639589,0.28649463554942334
good old,7.9078802711702885,-0.05034219809073369,-0.6324291045139631,0.43130872327950676
good overall,7.214733090610343,-0.4291966885646686,0.19174992971911978,-0.04041476910801545
good pretty,7.9078802711702885,-0.584867705635637,-0.302707410189238,0.2903481687255772
good really,7.154108468793908,-0.3801533634192544,-0.8587216767371767,0.719066325472068
good recommend,7.279271611747914,-0.8654488026095974,0.5036338005137299,-0.25614160643437184
good say,8.041411663794811,-0.7899276358464321,0.01629700365057496,0.4344316235495151
good use,8.041411663794811,-0.07848264199056883,0.6369001462026195,-0.2541728622729894
good want,7.4223724553885875,-0.4366136551309948,-0.6755343913161733,0.5050868807438735
good watch,8.195562343622068,0.1786585359689265,-0.03934473376352092,0.01919027929454827
good work,8.041411663794811,-0.07740122477927995,-0.15280008427866934,0.13874598131651547
google,8.195562343622068,0.7793973527300972,-0.2671325220008385,-0.2394352512468165
gorgeous,6.5533346083649775,-1.084881738645934,-0.8480779972441,0.9515354920524443
gothic,5.860187427805032,0.4862343293962465,-0.9418672214123252,0.3088189169616836
gothic new,8.195562343622068,-0.48342099113915177,-0.0003856671430182983,0.24536762422504108
goty,8.195562343622068,-0.4111692627618449,-0.674565174156509,0.6646335948106197
grab,7.096950054953959,0.3034092449580905,-0.28848117323495304,-0.13182570185311981
grand,7.154108468793908,0.07090703206349092,-0.729709396758752,0.47941038240578365
grandma,8.195562343622068,-0.3666520812212091,-0.21746794060123645,0.3956141464135132
graphic,7.684736719856078,-0.057941871968724204,-0.5589410036246644,0.36786716607320646
graphically,7.9078802711702885,-0.48694670831767595,-0.4310840087739822,0.5316285765049602
gray,8.195562343622068,0.11910625923203191,-0.3905081192737197,-0.0015140135584448995
great,3.4234662863179963,-1.5424173409111885,-1.264756240747566,1.7024296011539204
great absolutely,7.9078802711702885,0.5211400439210147,-0.46000445888127384,-0.08818113598641542
great awesome,8.195562343622068,-0.044193322269722536,-0.10135130203318424,0.08702262402203091
great bad,8.195562343622068,-0.5629022456676313,-0.1763408366168547,0.6455716304898169
great best,8.041411663794811,-0.18489956070875738,-0.05415005109911645,0.12382928846074313
great early,8.041411663794811,-0.060182392680063125,-0.31854468376236433,0.2682476301813191
great far,7.9078802711702885,-0.213845724159692,-0.5227186031391642,0.4047859477113084
great feel,7.790097235513905,-0.5044041151304397,-0.09522608497071028,0.34271506243381383
great free,8.195562343622068,-0.03798324616139555,-0.15000116507012043,0.13106242101501503
great good,8.041411663794811,-0.7337115964294478,-0.2995837086709516,0.5057387577168597
great great,6.942799375126701,-0.9354745492986574,-0.2411634193580944,0.6237842735499854
great long,8.195562343622068,-0.04776643244920891,-0.3890174834526526,0.30704265530722236
great look,8.041411663794811,-0.0003456517180212182,-0.26572346068976044,0.1171166989067117
great love,7.790097235513905,-0.17489835981188503,-0.327268958852693,0.33276785817474575
great open,8.195562343622068,-0.30320152961297103,0.41806457971894057,0.046964680562765836
great overall,7.790097235513905,-0.137578413850872,-0.28708528832307156,0.3021553286747714
great really,7.790097235513905,-0.19049944613214914,-0.00010515191767494281,0.08680832153030048
great run,8.195562343622068,-0.0002613805071191074,-0.38748714389232974,0.30030708807280787
greatly,7.790097235513905,-0.16446028464722698,-0.9679671440258792,0.6929085802059649
greedy,7.790097235513905,0.9110268484776791,-1.0021090359211027,-0.23395095081448178
grind,6.0554961801257985,0.15234170448507567,-1.2948684447310432,0.4221845023411438
grindy,7.502415163062124,0.5637993558935436,-1.0355963215865662,0.16602698514208716
grow,6.3237601667204775,-0.3480742616085071,-0.7234752886246638,0.7294666535767178
gta,8.041411663794811,-0.5083888989181631,-0.3988327974860458,0.4709605493904296
guardian,7.502415163062124,-0.3635578873729227,0.7404700879214282,-0.4118114725214042
gud,7.684736719856078,0.03258875499078523,-0.1263487000781824,0.08856035429678136
guess,7.4223724553885875,0.9689618527706838,-0.42513073980681154,-0.5532646803600599
gun,7.589426540051753,0.8295460108641151,-0.7170262828448761,-0.08200340496629577
guy,7.790097235513905,1.0523579495800812,-0.11326104880374707,-0.641180326918748
hack,8.041411663794811,1.347167904897104,-0.8285875050240925,-0.6327947906070601
half,7.096950054953959,-0.5887283754276839,1.1304541546593396,-0.18443724350893995
hand,7.096950054953959,0.03751367845191132,-0.7517095760775901,0.20998650583873432
handle,6.768445987981924,-0.43351543269015247,0.3085028409887526,-0.0012621206532552756
hang,7.684736719856078,0.014257320684023581,0.7100478429139955,-0.5055562570214587
happen,5.797667070823699,-0.37302321666712873,0.2712101452179747,0.08297656326337316
happy,6.298442358736188,-0.7309479928025315,-1.0243708949364758,1.1730660261439312
hard,4.788824781584298,-0.18217881284663776,-0.12479858746313446,0.17499174935700462
hard master,8.041411663794811,-0.5384583368731561,0.5614095603838932,-0.14586744621873748
hardly,7.9078802711702885,-0.8298736687757267,-1.1974640000785493,1.044406632139292
hasn,7.502415163062124,0.2502420717792502,-0.31460703868283213,0.1609224104883401
hat,6.691484946845795,1.9256315478831556,-0.8176203445414827,-1.267939485909269
hate,5.352592824620488,1.4466528692096288,-0.4927640241528083,-0.8041630245996477
hate love,8.041411663794811,-0.8793835730032298,1.3472943139468556,-0.40692395146118204
haven,5.909784368944405,-1.1364806990191982,-0.23625412651313682,0.7428841406194153
havent,8.041411663794811,-0.8400367997446486,0.4152708646624846,0.09858440511101635
head,7.589426540051753,-0.5279318172976882,-0.5454869300788937,0.42000564623414544
healthy,7.9078802711702885,0.2065934996733509,-0.3958013748084193,-0.09199355944739016
hear,6.180659323079804,-0.144276208916871,-0.6775902950107545,0.4554606509704135
heavily,6.896279359491808,1.3499577253487243,-0.3665943449941531,-0.9177648401238467
heavy,6.62002598286365,0.2754336290011093,-1.3268187563390774,0.53643699895126
hell,7.790097235513905,2.15471735527868,-0.094089729137262,-1.3391363001913728
help,5.998337766285849,-1.8355054202566803,0.027904204543308466,0.7115755315949598
helpful,7.790097235513905,-0.13482655491222026,-0.39268018314663483,0.504539574853566
hey,7.684736719856078,-1.1431969193387161,-0.6803754119489575,0.9956764208091469
hidden,7.214733090610343,-0.37673899585965376,0.6163481376965614,-0.3085293632076
hide,6.490814251383644,-0.10026552693830257,-0.6475532529941912,0.4578664437617905
high,5.09697268462837,0.2281385171201832,-0.42327704114670767,0.1115445337665675
highlight,8.195562343622068,-0.09520657242915882,-0.09551959576245093,0.1252919329279822
highly,5.454722319696868,-0.603247542982056,-0.41998120917080217,0.6979539820474923
highly recomend,8.041411663794811,-0.027028426058920387,0.6745653986794303,-0.6056871766877875
highly recommend,5.767814107674017,0.013236308049103338,-0.43686017325941495,0.2672217220766084
highly recommend enjoy,8.195562343622068,-0.05909566736756293,-0.00020910623287590717,0.0001459059695663094
highly recommend want,8.041411663794811,-0.30308543038837665,-0.10184042909919286,0.2341340583105431
hilarious,7.4223724553885875,-0.38187980907669605,-0.8337426591165428,0.7728095277726584
hire,8.041411663794811,-0.3150277778885762,-0.1102301196945468,0.05886694099575341
hit,5.876447948676812,0.2865716795365627,0.23396651853669456,-0.3800020235934804
hitman,6.691484946845795,-0.06442465962569653,-0.3976194579453626,0.2050721216374038
hive,8.195562343622068,-0.556314541041298,-0.03354737694793293,0.358194445356985
hold,5.828438729490452,1.0300704981398703,-0.7047450062383358,-0.25181534563645797
homm,7.684736719856078,-0.764556491801641,-0.9819774561136199,0.9255170024701215
honest,6.991589539296133,-0.8718970109749951,-1.0192606697291808,1.0783892614851207
honestly,5.44402703058012,-0.49752686063696555,-0.6954048546406604,0.6925397827504202
honestly feel,7.684736719856078,-0.41062178601714894,-0.7668209820443951,0.5616303145797239
honestly really,8.195562343622068,0.8228115310259796,-0.0004591713852722893,-0.5125314028031548
hook,6.65511730267492,-1.0107194605078504,-0.9594420103599228,1.0576072886330474
hop,6.43197375136071,-1.3092016228812702,-1.1666721559305955,1.4041165534657534
hope,5.580602565585871,-0.8038065734801304,-1.147694298424148,1.0695791878997922
hope add,8.195562343622068,-0.1988567759959821,-0.5158665523128029,0.2870679006709355
hope gothic,8.195562343622068,-0.030506243974383018,-0.0004138546975128274,0.021971205027935516
hopefully,6.8092679825021785,-0.6461725298659647,-0.9772544228580892,0.9316545438718393
horrendous,7.790097235513905,1.2062426180828816,0.8295737972338211,-1.2723845826914564
horrible,6.273749746145816,1.526573531028805,-1.1596130235407736,-0.8206952963684724
horribly,8.195562343622068,0.33386163300406274,-0.6384223763124983,0.09747839190522757
hostile,7.790097235513905,0.9946334028433854,-0.0001764543196556039,-0.6803985135909251
hot,6.691484946845795,0.8165030195227261,-0.22804130676675774,-0.3431781156708101
huge,5.738826570800765,-0.48683416429539944,-1.4342262154281709,0.8910093764785818
human,6.942799375126701,0.06146943160902727,0.48484542691603927,-0.21490484097278867
hunt,7.154108468793908,-0.3307977678489787,-0.015173444983671194,0.17337022615488792
hurt,6.851827596920974,1.551588631195086,-0.9421968395018686,-0.6507721533255044
hype,7.684736719856078,0.14157176769043606,-0.3620626897818965,0.052091564058644776
iconic,7.214733090610343,0.01284294305672341,-0.15673731806249055,0.17339846984992582
id,7.684736719856078,0.8226619092832498,-0.02955587516862404,-0.2609533039426474
identical,7.502415163062124,0.017085461890328266,-0.18638447924648285,-0.31560468185534435
idk,7.154108468793908,-0.2629324985959723,-0.6465549556909479,0.5554678939622304
ignore,6.851827596920974,1.2284660617309777,-0.30183937037926406,-0.727786045113307
iii,8.041411663794811,-0.21153900809586534,-0.4757544848594744,0.43288852203967704
ill,7.0428828336836835,0.945755262358672,-0.8370777451297968,-0.27529409813994404
im,5.797667070823699,0.27971969654109435,-0.21153240458879455,-0.007313054788035099
imagine,7.348264483234865,0.14832542399236348,-0.8455082962047996,0.534730216420793
immediately,6.851827596920974,0.025525394933384356,-0.26116715311698485,0.2616023652215007
immerse,8.195562343622068,-0.11312232664076552,-0.21154254459784289,0.25816196389855256
immersive,6.403802874394014,-1.237641145784068,-0.8572518905512828,1.0191984188083967
imo,7.684736719856078,0.006268931943963595,0.24549914262309405,-0.2896381909000361
implement,7.279271611747914,-0.52553584722934,-0.014885843937336902,0.13663179599764017
important,6.851827596920974,-0.2820633763676576,0.28872580606075704,0.128954239024712
importantly,7.279271611747914,-0.2147619736568074,-0.6058738321751035,0.49171464808429005
impossible,6.691484946845795,1.1441185896066652,-0.965711086027563,-0.44525354377956616
impress,7.9078802711702885,-0.090280274717941,-0.00020857854449929652,0.05627667673631044
impressed,7.790097235513905,-0.3078950809544082,-0.5965725181132882,0.6366229720834131
impressive,6.851827596920974,-0.9463347386629885,-0.6744833368672692,0.7515303360024063
improve,5.812934542954487,0.12693010909117933,-0.7369907301480744,0.6188010042064626
improve original,8.195562343622068,-0.057372969716114455,-0.054193075235987154,0.17907426568090531
include,6.460961288233962,0.5163321076265491,-0.4098766779907624,-0.04022823981587513
inconsistent,7.684736719856078,0.10162794876812753,-0.21803229128217252,0.20441958974816352
increase,7.214733090610343,1.069594239196041,-0.7855683525646179,-0.28846763914205914
incredible,5.782629193459158,-0.5168531238299594,0.5558451473885959,-0.200686096774252
incredibly,6.036078094268697,1.3625067535894158,-0.12717839946445494,-0.7183744699224817
incredibly frustrate,8.195562343622068,-0.06802285651966465,-0.33774165544799856,0.2310961287855694
indie,8.195562343622068,-0.537698106504862,-0.3346293255982736,0.4892769961967079
individual,8.041411663794811,1.8561192766678414,-0.0007518911326986379,-1.1396917674587788
infinite,7.279271611747914,-0.8369713734754094,-0.6950857673795096,0.8651822544649598
ing,7.790097235513905,0.08173883422243847,0.8449505674599695,-0.24723596470038972
initial,7.684736719856078,0.185830285069893,-0.0001916843134330482,-0.11502323947301223
initially,7.684736719856078,1.13454112642349,-0.185971069350133,-0.6167993053757763
insane,6.65511730267492,1.082897533375343,0.5835656868534916,-0.8294570397766886
insanely,7.214733090610343,-0.34607681452374744,-0.679473923425948,0.7094640187368301
inspire,7.589426540051753,-0.7755252658671216,-0.15309619867460753,0.5837023425319934
instal,7.790097235513905,-1.1760625981665138,0.6542546699730644,-0.04040054401122603
install,8.041411663794811,0.4680369265261954,0.599359241676179,-0.6592078361253613
instantly,6.896279359491808,-0.5065516187030026,-0.8902938942573766,0.5782283093794097
instead,5.580602565585871,0.6195321426313642,-0.13457689642511372,-0.5200532886391065
insufferable,8.195562343622068,-0.22923273982583312,0.6141435507104925,-0.08424807592386027
intend,7.684736719856078,-0.22713486078964348,-0.0011847336908691383,0.1394668702576422
intense,6.991589539296133,0.2959101781320172,-0.3589682887241183,-0.028149307312481532
interact,7.154108468793908,-0.30782398869698735,-0.00010536897566010782,-0.036936171130199785
interactive,6.991589539296133,-0.44317363412496946,-0.5507993469607904,0.581293864312306
interested,7.214733090610343,-0.6753421271453313,-0.34034983267975805,0.5612755454777599
interesting,6.036078094268697,-0.17150608020147207,-1.123208988534994,0.7626357387857452
introduce,6.62002598286365,0.6102786390756325,-0.7413445911919357,-0.18578153385039214
introduce new,8.041411663794811,-0.1535233683051811,-0.17028754432977633,0.006107532051313641
invade,8.041411663794811,0.9173643954589583,-0.6189207467889875,-0.22891959226935962
invest,6.691484946845795,0.5148701309757676,0.07238929393264641,-0.6222901838453038
invisible,7.589426540051753,1.909009925936817,-0.33382906036992377,-1.2337951981515287
invite,8.195562343622068,0.9334021337978704,-0.09008023074858522,-0.7088313809982751
involve,7.348264483234865,-0.4795983024943356,-0.027615660286334713,-0.10561230020388374
io,7.589426540051753,0.8545800578027858,-0.44654477831888906,-0.3527440606701504
io interactive,8.041411663794811,-0.30190212243111714,-0.4350893294399232,0.5804448049892013
ioi,7.684736719856078,-0.46259231427499803,-0.6111857801190967,0.5419831149946911
ish,8.041411663794811,-0.3451892885041751,-0.7042981578143543,0.5223590801303374
isn,5.6832567196459545,-0.30431712559065954,0.234702217798028,-0.02823300924586217
isnt,7.4223724553885875,0.2560651218051646,0.04259319083677322,-0.2147779929245501
ive,5.6832567196459545,-0.25405248183591805,-0.2649022315039944,0.36063723712809415
japanese,8.195562343622068,-0.0011369452623542823,-0.0026936534990314787,0.083298968778374
join,6.586124431187969,0.5476193820680428,-1.2419710878736119,0.370116038675713
jump,7.279271611747914,-0.32341385521854954,-0.6832037257304769,0.43038821656770304
key,7.790097235513905,0.8412045737287481,-0.7742123473882591,0.02981055998037752
kick,6.991589539296133,-0.09659548654338794,-0.45125444297779865,0.3770756172484727
kill,5.27779161153779,1.5652913366844519,-0.8126881899289444,-1.0075839977198369
killer,7.790097235513905,0.36286826778690084,-0.07101109939436547,-0.13005492258262322
kinda,6.691484946845795,-0.4226902585713906,-0.8488555908675685,0.5262421425065823
knock,7.684736719856078,-0.6901002980408009,0.8901964298855197,-0.13416862421940062
know,4.580150041390006,-0.2984526709714153,0.2087973773120041,0.10833054116066315
know good,8.195562343622068,-0.18749915411438164,-0.6541965481108285,0.4989306743444822
know happen,8.195562343622068,0.20798470511581713,-0.10176639936196974,-0.21376571365398334
know think,8.195562343622068,-0.27439494412802046,-1.0245945169236124,0.8162460657130074
kuro,8.041411663794811,-0.20501199943164064,-0.3804356996125419,0.20938494219016282
lack,6.691484946845795,0.041531334562842685,-0.447227429259234,0.18428646275137225
lag,7.154108468793908,0.7113457384297486,-0.029778001767950518,-0.3807923396338014
laggy,7.502415163062124,0.6666753394026883,0.7176386855053202,-0.8177829879457092
laptop,7.154108468793908,0.4785292524870342,-1.010156131960677,-0.11490223595562535
large,6.729225274828642,0.5261144806361702,-0.6149057105435997,-0.0015369742259869269
late,6.226121697156562,0.8004410440647236,0.22857766406352772,-0.5022581574470832
lately,7.9078802711702885,-0.11656140067473122,0.7778560341240122,-0.44935290194447963
later,5.892977250628023,0.2091359178714635,-0.7428827139142791,0.2138081528878072
laugh,7.154108468793908,-0.08419350383749137,-0.9243411383901993,0.5218700336111114
launch,6.43197375136071,0.3481267441722589,-1.1700281978033238,0.25835822434949207
lay,8.195562343622068,-0.6207267783694185,-0.6177036347385186,0.5608174070445109
lazy,7.9078802711702885,1.0323550999049549,0.5260261646118701,-0.8710499059164766
lead,6.942799375126701,0.9982581293307105,-0.7212457277484209,-0.35632534106306385
lean,7.684736719856078,1.2790329438388601,-0.27727278806471806,-0.5637499532455116
learn,5.44402703058012,-0.87084981239037,-1.0005680238011774,1.054413889505241
learn good,8.195562343622068,-0.00016705631138391828,-0.14758609269536144,0.16593041551321386
leave,5.305190585725904,0.5372694366335975,-0.48317080385186545,-0.10705843406847856
leave want,8.195562343622068,-0.33884876307146844,-0.21769027532742732,0.3441593014182681
legendary,7.589426540051753,1.1216590242378182,-0.674272930657386,-0.36853736653803626
legit,7.589426540051753,-0.7436192677643809,-0.7359924963912191,0.7854064072264348
lego,7.348264483234865,-0.325733714419091,-0.42466081109840764,0.4856468223283304
leon,7.279271611747914,-0.7077448792775021,-0.8814527101830857,0.9085314426511917
let,5.568481205053526,-0.1101132409637152,-0.4738464463549619,0.17164146412903353
let know,8.195562343622068,0.491718596298797,-0.0008768208412101484,-0.1628417574249899
let tell,8.195562343622068,-0.20742627085769033,-0.05258593104576705,-0.020766023922202927
level,6.8092679825021785,0.8124863465355545,-0.9207886478957238,-0.07045157794210745
lie,7.502415163062124,-0.18232246499030938,-0.5205342472037962,0.39728839716710324
light,6.896279359491808,-0.034843031450955,0.49706085768129005,-0.3602567871392402
likely,6.768445987981924,-0.23310842205375112,-0.016303366456428537,0.14189890081866474
limit,7.589426540051753,-0.18151895955438663,0.49128595759565663,-0.17877497024362238
limited,7.0428828336836835,0.3713893339911138,-0.30398394277792135,-0.2232782633816398
linear,7.096950054953959,-0.22356480527988584,-0.3815063038393866,0.3573578761235526
linux,7.9078802711702885,0.8444056352081895,-0.701447075385471,-0.3891318810728358
list,7.279271611747914,0.13788442786509583,-0.06983878319282559,-0.35460640798654175
listen,6.349735653123738,-0.3176927146874795,0.16671132101346547,0.11563197284689211
literal,8.195562343622068,-0.5734918531344283,-0.0059735833721139475,0.3426638868789812
literally,5.961970122114975,-0.3923833117868871,0.289000524927682,-0.06292139364204852
little,4.963441292003848,-0.3609979707853115,-0.11598967291593142,0.2634645806078377
little good,8.195562343622068,0.0600491451103079,-0.4727947608806829,0.1318077391783261
live,5.724641935808808,0.05879322674877507,-0.9400955268884785,0.5295619793888033
ll,5.151039905898646,0.7416207421154531,0.08001876232822172,-0.39712284386950736
ll finally,8.195562343622068,-0.1411900947832268,-0.05157217954650907,0.1072358028226563
ll good,8.041411663794811,-0.7007389820295646,-0.6930339706429313,0.8166237387840878
ll love,8.195562343622068,-0.19023849310664906,-0.23420480213515807,0.24538590189101456
ll need,8.041411663794811,-0.070181581162174,-0.3126315791081834,0.33712254287411697
load,6.249652194566756,-0.3041085577780325,-0.8573066041498636,0.8583388566392914
lock,6.273749746145816,1.3980221930691352,-0.7783726562268694,-0.5927775957534064
lockpicking,7.502415163062124,-1.119779119729775,-0.0003009259769197782,0.5071233865693727
log,7.502415163062124,-0.40534249593353405,-0.7109081585243439,0.4323074883445932
lol,7.348264483234865,-0.30812473551205116,-0.7477854937348598,0.557698522761074
long,4.851523375799863,-0.09561961816376069,-0.29662252189136645,0.32959401956815615
long feel,8.041411663794811,0.3399400363798327,0.6521355671263035,-0.5898074768902299
longer,7.4223724553885875,-0.4923888934452174,-0.6749369624777976,0.5424370785167132
look,4.4942603695095755,-0.2962229887339912,-1.011361693446205,0.8965060522299934
look absolutely,8.041411663794811,1.1469646072453237,-0.5999110372413687,-0.3915766189636232
look amazing,8.195562343622068,1.0619716193480515,-9.54486776258995e-05,-0.8427886248328182
look beautiful,7.9078802711702885,-0.38592146922343373,-0.0004111114656944314,0.3270142907266306
look feel,8.195562343622068,0.4514733029217313,-0.20629849831702368,-0.09941201480675114
look forward,6.460961288233962,0.4782032849267539,-0.19161514773271732,-0.18381354172182313
look good,7.096950054953959,-0.6948405765722749,0.14991354435211252,0.32256837982546027
look great,7.9078802711702885,-0.21055155324480596,-0.0001683213089497457,0.06702412335956624
loop,8.195562343622068,1.6833885910976867,-0.37847680816405044,-0.9689952268248602
loose,7.790097235513905,1.4221201878928154,0.46147876794563053,-0.9901708308171164
loot,7.279271611747914,0.5731580212126999,-0.4170469839505017,-0.28109289672021215
lore,7.279271611747914,-0.5157918773531607,-0.39563412049234775,0.6065902500984226
lose,5.074666927114072,0.7358777038180182,-0.15867069228010633,-0.39528510563228303
loud,8.041411663794811,1.4585735491800116,-0.1106517541748429,-0.8976910976229626
love,3.762763383574764,-0.8933163261419759,-1.275092703216194,1.5552026959453622
love add,7.790097235513905,-0.7330947224997169,-0.7103937549281388,0.5949028763990852
love fun,8.195562343622068,-7.928331287836989e-05,-0.0505627498777925,0.032157368699078495
love gamble,8.041411663794811,-0.06843599453271872,-0.7756804161563056,0.6115744812559627
love good,8.041411663794811,-0.16323456416450602,-0.1713700411453607,0.12766852206174065
love love,8.041411663794811,-0.0002166131566310038,-0.2714473458169246,0.2567024289410205
love original,8.195562343622068,-0.1601613032578635,-0.00044178393931149193,0.06423193160921012
love really,7.684736719856078,0.16275268518125907,-0.21226650323606142,-0.039521434784116974
love want,8.195562343622068,-1.3596231592319814,-0.42962617079454385,0.8817614156881611
lovely,7.502415163062124,-0.5086419414926937,-0.6474552939075034,0.7205569690906487
low,5.580602565585871,0.8934010218430984,-0.27902385494032145,-0.36618611211794744
luckily,7.9078802711702885,-0.7602847892352228,-0.00037017894985232383,0.38393926505267445
lucky,7.589426540051753,-0.2771347833438794,-0.9386426179396588,0.8349316618837751
lvl,7.9078802711702885,-0.6127625311703372,0.12109371397704931,0.14684613553895456
mad,7.9078802711702885,0.22597922653918892,0.3172193493077658,-0.4353815653198483
magic,6.768445987981924,0.17335123992191362,-0.13555239195261484,0.07249813983487115
main,5.412610834346741,-0.2694872392150204,-0.7482251489340093,0.577303534720836
mainly,7.096950054953959,0.05769204770451618,1.079097284093019,-0.6188608612993609
maintain,7.502415163062124,-0.28654405266894345,-0.2328052656727014,0.4013394303146263
major,6.403802874394014,0.8014066376644208,-0.597470237092402,-0.35080622275701256
manage,6.017029899298002,0.6431963817351457,-0.946818581623654,-0.024850987192123974
manageable,8.195562343622068,-0.884393647203907,-0.793425351819248,0.8072461113440109
manually,8.195562343622068,0.16596725748748015,-0.23273373726809518,-0.05592530759604236
map,7.790097235513905,0.1529850793965351,-0.399487614532396,0.1472059264638648
marvel,8.195562343622068,-0.2712265948292573,-0.6321482574556031,0.5569639508599261
massive,6.226121697156562,0.098117142162338,-1.6582133291863275,0.7050144009247249
master,6.942799375126701,-0.6715764270995207,0.11492046701060743,0.14486598909724452
match,6.851827596920974,-0.17002368782500135,0.14129490743452655,0.07051844408579282
matchmaking,7.154108468793908,0.6299954453236533,0.2260899293584901,-0.6176971794757942
max,8.041411663794811,-0.39591857153071314,-0.05432810905831761,0.3104769539021646
maybe,5.382151626862033,-0.631170065963592,0.32816647054659104,0.28381168208496677
mean,5.617873960383102,-0.2717372331204553,-0.18801726539300503,0.30661772619037386
meaningful,7.502415163062124,-0.5062546796455658,0.5997080881409075,-0.1538750508908743
mechanic,7.9078802711702885,-0.3298246105687246,-0.20512117753277906,0.3354623802412079
mechanically,8.041411663794811,-0.8317924179001158,-0.13383454496092514,0.5537652650294345
mediocre,7.790097235513905,-0.001698160296455484,-0.0002686818477181947,-0.3402360508326741
meet,6.586124431187969,-0.7543535682935366,0.34542746584660394,0.0739355605359975
meh,8.195562343622068,1.2099703802479975,-0.22996020487311428,-0.6605857844936605
memorable,7.4223724553885875,0.1120172868730142,-0.0006979261899973201,-0.25863699893787995
mental,7.0428828336836835,1.1446452146958217,-1.0873177794085624,-0.4050171490568766
mentally,8.041411663794811,0.5816362256758028,-0.19372136558749115,-0.31167046426201284
mention,6.942799375126701,0.05678127835529615,-0.46190404422815634,-0.19646929766942214
mess,7.214733090610343,1.699983244900808,-0.42606613537714133,-1.084626990716504
mic,7.9078802711702885,-0.38994023396915906,-0.9820384732179155,0.6013150766958543
mid,6.942799375126701,0.9978006654425093,-1.0966540287657691,-0.23475761757608002
military,8.195562343622068,0.17241748481164473,-0.004904621797043707,-0.05765602717876623
mind,7.502415163062124,0.7816413086701512,-0.3055822568357542,-0.3021141739596697
minimal,8.041411663794811,-0.3949642091483803,-0.4291614308576306,0.3806638291067252
minimum,7.9078802711702885,-0.5093406914129308,0.9609467795291556,-0.532774535888132
minor,6.768445987981924,-0.2756556363376978,0.19294640372176095,-0.050876510870819826
miserable,7.154108468793908,0.9479274022019505,-0.5049262805475453,-0.27657104884886236
mislead,7.9078802711702885,0.028226679458977052,0.34204301741858517,-0.3527836403171857
miss,5.669833699313814,-0.1172157704753517,-0.20410698937842034,0.07670498474689666
mix,7.9078802711702885,-0.6178369245582535,-0.08678764815955724,0.3873727926939124
mixed,7.502415163062124,-0.5325709598652633,-0.6531179482624364,0.43160961269075654
mobile,8.195562343622068,1.2083179080795359,-0.7056318151968907,-0.4395780557114334
mod,7.589426540051753,-0.8696472317433369,0.3055590630550183,0.38387084821055995
modding,8.195562343622068,0.09304403965717417,-0.01913710871710507,-0.03031478046593988
mode,7.4223724553885875,0.041643600332039406,-1.0048050954331398,0.5182941495327953
modern,6.249652194566756,-1.3174652668767974,-0.8461442022202527,1.1377519790701411
monster,7.790097235513905,1.0975337856318563,0.19929529030124124,-0.5713940138344551
multiplayer,7.4223724553885875,-0.37786215578706245,0.6790930114642117,-0.23059135806609996
multiple,5.961970122114975,0.16773402575228336,0.021840241705795255,-0.1607176432093294
na,7.4223724553885875,0.174380714223349,-0.11178063957876011,0.12733971122763799
nail,7.348264483234865,-0.6401293367042536,0.15414244943243918,0.3572193939597888
naked,7.9078802711702885,0.9597182353447199,0.20551199213876792,-0.67962369713262
narrative,7.4223724553885875,0.046804943792602034,1.0865899171111184,-0.5992404559430151
nasty,8.195562343622068,0.02465608971582024,-0.00018601153508497625,-0.07213903014138477
native,8.041411663794811,-0.2227287401973131,-0.0001175740608234504,0.111620817469055
natural,8.195562343622068,0.012733320898004169,-4.8915465723702836e-05,-0.17943250390485135
naturally,7.4223724553885875,-0.32472542370071894,-0.04551939707087751,-0.17751529399471397
navigate,8.041411663794811,-0.06321942388211628,-0.00024803435422536806,0.09350422615948448
near,7.9078802711702885,0.762821982093454,-0.1332719272803389,-0.4770890663886037
nearby,8.195562343622068,1.4360039558062134,-0.166170940113134,-0.7847965907474814
nearly,6.729225274828642,0.8635382498734829,-0.5511650459047115,-0.3532449670105703
necessary,7.502415163062124,0.4683327865070104,-0.3302300490410371,0.034192570117608914
need,4.527736298705966,-0.1727260397972899,0.16911139411849777,-0.05171161685254157
need complete,8.195562343622068,0.017233623535412697,-0.371500450907509,0.20460459146807605
need fix,7.502415163062124,1.5217361680248827,-0.7828571918953887,-0.38992202057275355
need good,7.589426540051753,0.09149236138258031,-0.4515510412875339,0.13914303658494712
negative,6.586124431187969,1.552756087005837,-0.6032711729895376,-0.8978190555549356
nerf,7.502415163062124,-0.29740345904982024,-0.13736735736721326,0.20713886233991885
nerfed,7.214733090610343,0.37200613907449465,-0.8771993195353089,0.2534161253376398
net,8.195562343622068,-0.43707282178881063,-0.0006063552396989012,0.08765273557577077
neutral,7.9078802711702885,0.28090115513463565,-0.21989435776686694,-0.2691935413654003
never_be,7.684736719856078,0.03501278704312605,0.11273315628895314,-0.107179101699596
never_been,7.9078802711702885,0.7294040696434787,-0.9165024702218062,-0.03092459200358474
never_get,8.041411663794811,0.23990890526041608,-0.8564335694025105,0.26943144860093443
never_got,8.041411663794811,1.006279435888811,-0.11452362725981441,-0.4904802473269989
never_had,7.502415163062124,0.3453572603765033,0.2075136515993991,-0.34089784700131365
never_heard,8.195562343622068,-0.295140071735875,0.7360747292818296,-0.443787957200855
never_play,7.684736719856078,-0.37889833509206655,-0.5472620504296684,0.4298630181830602
never_played,6.991589539296133,-0.07276152467025723,-0.22115055187512062,0.18681021746941495
never_played original,8.195562343622068,-0.0064852250475625605,1.0296880160774213,-0.6712364551344977
never_really,7.790097235513905,-0.18430918034907356,-0.5586153134414026,0.4510399583025477
never_seen,7.348264483234865,0.1562079908462434,-0.7404723305771594,0.42800187402984025
never_thought,8.195562343622068,-0.3664637335347689,0.8939606512390094,-0.6173075247025968
never_touch,8.195562343622068,0.7983653350203799,0.7664337415739856,-0.7314131293369234
new,4.19736164195287,0.0866777548880377,-0.288708701694704,0.1743478751879801
new come,7.9078802711702885,-0.34893346133838526,-0.0010420101706225893,0.09887362887283327
new good,7.790097235513905,-0.15248812982847004,-0.4056538234236342,0.4016838819612147
new learn,8.195562343622068,-0.0007686584681624101,1.681671729122609,-0.8173422392358426
new love,8.195562343622068,-0.0001696088272223474,-0.00014394808983938482,0.00018643782473608999
new new,7.4223724553885875,0.2706042341672871,-0.2478886806177916,0.047557150956729785
new old,8.195562343622068,-0.2722871593373942,1.1108498043650186,-0.6257096520791777
new really,8.195562343622068,-0.6395335438452137,-0.00035663715453701094,0.31939944066674064
nice,4.777835660008703,-0.3190871861383256,-0.9848432378688383,1.0571502109362796
no_clue,8.041411663794811,-0.08785944661773798,1.4649851799620075,-0.7940748337377547
no_game,7.790097235513905,-1.1712069931523317,-0.17112445256469358,0.6274725204454507
no_i,7.790097235513905,-0.103820894594121,-0.3749569249973619,0.3074101859718116
no_idea,7.502415163062124,-0.17318674456804445,-0.7875902603352808,0.5073873177264377
no_life,8.041411663794811,-0.14672048564337356,-0.8502032862490351,0.6148307816235459
no_longer,6.991589539296133,-0.4086636384837711,0.7425235914135352,-0.38442311801188966
no_matter,7.0428828336836835,1.2646156520014342,-0.4765672237522378,-0.5067741094437002
no_more,7.589426540051753,0.9344728899478004,-0.7322065380189987,-0.25662440838768213
no_one,6.942799375126701,0.3220716606452214,0.980693837530054,-0.8149452149798301
no_other,7.154108468793908,0.6116584567572438,0.23946529742878697,-0.4801621509610533
no_point,8.041411663794811,-0.2830508917363199,-0.0001685916720248513,0.14434651336283322
no_real,7.348264483234865,0.5581549999279808,-0.6490440101734081,-0.1287370023448946
no_reason,6.8092679825021785,0.24657309827799442,0.9048036673819015,-0.6211124386681243
no_story,8.195562343622068,-0.2705006270360896,-0.13036956540694078,0.2002630234070584
no_way,6.896279359491808,1.8961505171671624,-0.7454234423750243,-1.0889608589244082
non,6.691484946845795,0.8308688966594913,-0.8099742010686211,-0.08292855579729921
normal,6.991589539296133,-0.47033954839221603,0.16300735670850605,0.22504135147199977
normally,7.279271611747914,-0.40622445706778454,-0.058865478998163856,0.29873686181235926
nostalgia,7.279271611747914,0.517195926978663,0.3333137781635535,-0.4509147403178446
nostalgic,7.4223724553885875,-0.20068142732391084,-0.8192954866978709,0.6118502091997918
not,7.589426540051753,0.40048944204804987,0.03040444182465927,-0.22029990159833013
not_a,5.6832567196459545,0.37522429824589404,0.5513641817415091,-0.5427321286872778
not_a good,8.195562343622068,1.6679317379196508,-0.7355713919207376,-0.8011596189486558
not_a huge,8.041411663794811,-0.16009052803018808,-0.28232642517113465,0.23463872940138683
not_a single,7.790097235513905,0.7160541043654051,0.7123147921308249,-0.6106429863785695
not_about,7.790097235513905,-0.2550498422454081,-0.04909856348771153,0.2059986898649801
not_all,8.041411663794811,0.535965838955497,-0.0008210943975343085,-0.3587853327267531
not_an,7.589426540051753,0.15488115998206425,0.5083077221654219,-0.5258290891282248
not_as,6.991589539296133,-0.41286094335811113,-0.46622165876693467,0.5194292336309374
not_as good,8.195562343622068,-0.05941263323537145,-0.00026832628034000636,-0.2915714950458666
not_at,7.790097235513905,-0.7610643093347148,-0.19211197668294097,0.5592361898236011
not_bad,7.502415163062124,-0.3961703118545463,-0.7626395383793051,0.8191525634804877
not_be,6.8092679825021785,-0.8358803775297843,-0.18865460870779982,0.6240036274601436
not_because,7.9078802711702885,-0.4833582666307136,-0.30465427327790917,0.3707306758967058
not_being,7.279271611747914,-0.20929115562219971,0.3040554603523365,0.06996550505241166
not_being able,7.790097235513905,-0.23954203318625536,0.41158657202641497,-0.025219062893340284
not_buy,7.096950054953959,-0.14241564896350248,-0.7789614685110795,0.4730276817872213
not_change,8.195562343622068,-0.12533456945914695,-0.4793162162123879,0.4818647786317273
not_doing,8.041411663794811,0.8697213463317963,-0.5531864234121072,-0.24881188263319293
not_enough,8.195562343622068,-4.216274812663171e-05,1.3240740466241852,-1.013770646771489
not_even,6.226121697156562,0.5100834953081352,-0.46793039355130445,-0.24053760715299113
not_expect,8.195562343622068,0.3741126234792649,-0.02673585281444992,-0.21795380668709052
not_feel,8.195562343622068,1.2165533847275039,-0.3208005832309815,-0.5478413416985948
not_for,6.851827596920974,-0.05798483381717365,-1.0634958928272875,0.6123310245701564
not_fun,6.991589539296133,1.0679658092261834,-0.15988899140379434,-0.7796343419682342
not_get,7.502415163062124,0.5585064916845472,-0.34870925098070854,-0.0020871243719064758
not_getting,8.195562343622068,-0.19033170165989963,-0.31763362606646584,0.23757985072466212
not_give,8.195562343622068,0.1347833859498043,-0.3436432732058119,0.17103015991735424
not_go,8.195562343622068,-0.08501240006444012,1.1879410688185303,-0.5617070827783692
not_going,7.589426540051753,0.13361348171864496,0.5532517646964781,-0.10370895852876488
not_gonna,7.9078802711702885,1.8186878222091218,-0.2722271436685781,-1.024554125042578
not_good,7.684736719856078,-0.1923758915632484,-0.21782963583743284,0.1942218277048295
not_great,8.195562343622068,-0.4535508623109759,1.488244739543526,-0.7333292312672461
not_have,7.154108468793908,0.007865488013357113,-0.3628379211886503,0.05389516767897389
not_in,7.348264483234865,-0.9320672216208052,-0.5290545822579746,0.7712598458701002
not_it,7.9078802711702885,0.11114771636846973,-0.428760644805875,0.20926297882985387
not_just,6.403802874394014,-0.1696248263093348,-0.5922174544823275,0.3857196001763002
not_let,8.195562343622068,-1.2784450189653291,-0.49969092491403627,0.9973330642483161
not_like,7.9078802711702885,0.28750359717161816,-0.7783553862249857,0.18511822202119638
not_much,7.684736719856078,-0.06505153943357575,0.8004029833778633,-0.6181201559589341
not_my,7.4223724553885875,0.14875874536080277,0.341008397771382,-0.3930701314472132
not_one,7.790097235513905,1.064835197749322,-0.23296006079392612,-0.4682559780915574
not_only,6.62002598286365,-1.4335170677424305,0.5623371461581429,0.3054090142099314
not_perfect,7.348264483234865,1.2729127858499845,-0.8931692774050113,-0.4958294948561028
not_play,6.8092679825021785,0.5045924361374857,0.02905013771855539,-0.32161274873593987
not_playing,7.790097235513905,0.6682902334163939,0.4592640727451554,-0.619867201269786
not_really,6.991589539296133,0.2803794659539056,-0.0005522212026459183,-0.2547738041111793
not_recommend,6.490814251383644,0.5228071221928824,-0.7212121599189676,0.04192313164028436
not_recommended,7.684736719856078,-0.6204913730037989,0.29940645065913546,0.24847665293962165
not_scary,8.195562343622068,0.1189088813441318,-0.6745566498689044,0.227098904034194
not_so,7.790097235513905,-0.4731028090356191,-0.6219559414550352,0.40674623329245096
not_sure,7.096950054953959,0.9036803808962679,-0.8538362264280434,-0.21576875767756615
not_that,7.214733090610343,1.078984969856575,-0.3387483456200309,-0.4081219647729047
not_the,5.909784368944405,-0.981756730520826,-1.2723410773947494,1.2236925179574643
not_the best,7.279271611747914,0.2854638900032117,-0.2667188598367021,-0.1708181820977514
not_to,6.349735653123738,0.49899514505007236,-0.6357883369913285,0.01192933946075686
not_too,8.041411663794811,-0.1538180168419894,-0.0003821083393719092,0.13644015963624806
not_try,8.195562343622068,1.5618870194377206,-0.3012546587830782,-0.8212369358280037
not_use,8.195562343622068,-0.07123847020040121,-0.1713024563454411,0.11842316593797866
not_very,7.9078802711702885,0.4134954217945473,0.05199188792701005,-0.3381409425864293
not_want,7.9078802711702885,0.3960567199988599,-0.19471299687595614,-0.2877150231560102
not_work,8.041411663794811,0.499389258404318,-0.33326160495782037,0.02828015583920171
not_worth,6.768445987981924,-0.352374616651888,0.30430291801520337,-0.0925999038376475
note,8.195562343622068,-0.7864613410221445,-0.08664646246751584,0.5045441549435401
notice,7.154108468793908,0.3458032990975034,0.26414196807661816,-0.38302265318924755
noticeable,8.041411663794811,-0.0978563244796605,-3.76513154221632e-05,0.040820740139792325
nowhere,7.684736719856078,-0.7232754337317818,1.291564717811399,-0.4179128093498102
npc,7.502415163062124,-0.8862388895893052,-0.2869441528987036,0.6984734113683557
npcs,7.348264483234865,0.3471096219073192,-0.7282504642475525,0.0817157428402626
nvidia,7.684736719856078,-0.305037683989718,-0.6914132465534986,0.5184573021031469
objective,7.790097235513905,-0.38510036886678267,-0.2527084033876974,0.3674687376964299
obnoxious,8.195562343622068,0.324918624853939,-0.06991140466564469,0.06070894204160909
obsess,8.195562343622068,1.1788475825971385,-0.6743339226361512,-0.49722620036621895
obtain,8.041411663794811,-0.4879411952407026,0.5295988910595986,-0.034503442192969955
obvious,7.502415163062124,0.2973240243528662,-0.10033119897178847,0.019514155512636005
obviously,6.991589539296133,-0.48351253102678377,-0.9805392075410124,0.7830072411432849
occasional,7.4223724553885875,-0.15767920508171468,-0.2067766796357839,0.1205841889071659
occasionally,8.041411663794811,-0.4855844522653021,-0.0007425651700188438,0.3594873995927052
occur,7.9078802711702885,0.7665940238376637,-0.07620612807245006,-0.3489336617942672
odd,8.195562343622068,-0.5933225137559354,1.689565286874337,-0.4578774568963996
oddly,8.195562343622068,1.62097540280773,-0.6426462467493704,-0.5320327881326045
offend,8.195562343622068,-0.7722532594206443,-0.012938153997461673,0.44212463123315615
offer,6.180659323079804,-0.36425595221305657,-0.8270558329337185,0.7845836048395717
official,8.195562343622068,1.1393156486291132,-0.223497477603621,-0.525343104318629
offline,7.4223724553885875,-0.1321158412511062,-1.2324350184963346,0.5999992802029157
og,7.348264483234865,-0.95650755675579,0.306147894132091,0.18770283928114942
oh,6.691484946845795,-1.4374701114781214,-0.7181095734172757,1.2901135199898757
ok,6.490814251383644,-0.3219713890573286,-0.1198673917716882,0.27193359148429436
okay,6.851827596920974,0.023101432963566187,-0.8555798902745126,0.4680255443839393
old,4.996889226071388,-0.41700077483724374,-0.0017712892746475687,0.18182050685452242
online,6.43197375136071,-0.2603769006225554,-0.21564506210769763,0.3069914877018401
op,6.991589539296133,-0.23676271683685993,-0.08031054837682898,0.21975809427828685
open,5.208198319738594,0.38871802076453715,0.12932900304521827,-0.2508808228542838
opposite,8.041411663794811,-0.2727156866692408,-0.0003668122218964348,0.27669946360382247
optimise,8.195562343622068,-0.4517261192211242,-0.18491639428228368,0.39998132480937415
optimize,6.226121697156562,-2.4422617798638795,-1.2164505397065022,1.9621671840272428
optimized,7.684736719856078,-0.8660889868488323,-0.02706543213829754,0.3658583051275612
optional,7.4223724553885875,-0.6209332896274108,0.10879641494296498,0.015176010874838494
orient,8.041411663794811,0.26722629543870485,-0.08487948488768488,-0.05294231262439463
original,5.208198319738594,-1.0422967150749596,-0.8612413449077915,1.10730364738133
original gothic,7.684736719856078,0.20048193337613415,-0.0004535889955676832,0.014981063772939479
original look,8.195562343622068,0.7541814641460635,-0.17337228780883462,-0.3741673925672026
originally,8.195562343622068,-0.2887199265016715,-0.3563252750090366,0.35779022971876395
outdated,7.589426540051753,0.029677270297723123,-0.7810502883830774,0.44654506043714387
outstanding,7.4223724553885875,0.5597924263381459,-0.45797339021141165,-0.2079522473401032
overall,5.052847879719432,0.4790738406631171,-0.323755870393522,-0.08359203657852994
overall fun,8.195562343622068,-0.45003711701583904,-0.0985877670094854,0.26596094519074626
overall good,7.9078802711702885,-0.630101862187071,-0.3930826417153348,0.6815846231574824
overall great,7.4223724553885875,-0.5838526229862631,-0.3722387429736439,0.5796735427890297
overall really,8.041411663794811,-0.3743832439447172,-0.14906533675069672,0.2719121213844982
overall say,8.041411663794811,0.6527656075251771,-0.19226644109862687,-0.25790933383610776
overly,7.684736719856078,1.0616915560156326,0.34362065731516006,-0.7537910905115596
overpower,8.195562343622068,0.3631059065366502,-0.10203630678828639,-0.22370777856575885
overprice,8.041411663794811,-0.3773610973872513,0.57666099167029,-0.2974040449252111
overwatch,7.9078802711702885,0.34579307553554806,-0.6661736538217927,0.21373611124258599
overwhelm,7.4223724553885875,0.31837214156817395,-0.6391525405325417,0.07168244647339665
pace,6.8092679825021785,-0.13550566366516628,-0.053689161925384456,0.012725298015698706
pack,7.154108468793908,-0.7983350131283988,-0.15288668486925577,0.546991586717039
pad,8.195562343622068,0.39346961528074714,-0.00021290861250634647,-0.28016305204322683
painful,7.589426540051753,-0.5707733368081745,-0.3204715141033788,0.4868119560675751
paint,6.896279359491808,-0.030243223321961624,-0.15622667317938588,0.1827992500602721
pair,8.195562343622068,0.4829867953744564,-0.208407335444473,-0.06743344693214597
paradox,7.4223724553885875,0.35581660893185635,0.4157448271022095,-0.30397166651131496
paralives,8.195562343622068,-0.41039746893127865,-0.3771057285553752,0.408609583861412
parry,7.279271611747914,-0.3412944725975772,-0.8091054148507856,0.7191497253351249
participate,7.9078802711702885,1.31669123730966,-0.9482921728032737,-0.43228808827373727
particular,8.041411663794811,-0.9129237088349657,-0.1441020828936353,0.6559323124997024
particularly,7.790097235513905,-0.20566971478370033,0.6230121262731818,-0.2549467703422383
pass,7.589426540051753,1.3276842364436747,-0.9336374929181342,-0.3043777074480689
past,6.851827596920974,-0.4514783653957674,-0.1768826879677496,0.42690081917166467
paste,7.9078802711702885,0.4171886024213434,-0.0003697316778578654,-0.30641525979245665
patch,7.684736719856078,0.9041845237172623,-0.37888204119906016,-0.14177626977969587
patrick,8.041411663794811,-0.0002470225044964012,-8.213121055037281e-05,9.340727390371828e-05
pay,5.605295178176243,0.4135550008639923,-0.6706255613258323,0.14117518594825482
pc,7.279271611747914,-0.5905073885493944,-0.8627287440401264,0.8707168137504645
peak,5.696862371701733,0.1553856010062387,0.1472061802523495,-0.15967895131705145
perfect,5.767814107674017,-0.3386080625966562,-1.3198130121373257,0.947571465852949
perfectly,6.298442358736188,0.5975586061175726,-0.9726911228458474,0.23670203823083436
perfectly fine,7.9078802711702885,-0.46324180015308625,-1.2124942151771885,0.9832164276745908
perform,7.790097235513905,-0.43601796815073884,-0.13973993302761142,0.5248923479113023
permanent,8.195562343622068,0.9652917654526512,-0.3895101999851081,-0.568865047386781
personal,6.729225274828642,-0.5226418624760195,-0.6544221379766421,0.5373882249507894
personally,6.586124431187969,-0.45161434571046716,0.9410796838448283,-0.4525517471407871
phenomenal,7.502415163062124,-0.6059679224860978,-0.4602072398410819,0.6455717285483793
physically,8.195562343622068,0.586306540055723,-0.00035651364703841344,-0.559486654213164
pick,5.979988627617653,-0.0784136474089355,-0.29566914293859636,0.2537889507952768
ping,7.9078802711702885,0.10212070486659741,-0.7451850448048091,0.29216780466196507
piss,7.790097235513905,1.0351074236368665,0.08334352868082277,-0.7132384221274419
place,7.4223724553885875,-0.7113571000736046,-0.00045170359236476826,0.27664346779994947
plan,7.348264483234865,0.03644750282533893,0.7623630579605326,-0.3672798980739663
playable,6.3764039002059,-1.325462308349465,-0.07058695809828058,0.5628211091950951
pleasantly,8.195562343622068,-0.6258027557625241,-0.3568197995697874,0.4939368051777842
plenty,8.195562343622068,-0.0006280037374986579,-0.7766335928379515,0.25677031628048164
pls,8.195562343622068,-0.26949109108986247,0.49467721883994664,-0.333763521935685
pointless,8.195562343622068,-0.13397110186633532,-0.1873038001799207,0.20897937255569998
polish,7.279271611747914,0.4517151383442407,-0.37753878642645466,-0.14891542540924657
polished,7.589426540051753,-0.30081669580043613,-0.170787667100065,0.24101276153574097
poor,6.942799375126701,1.2755958650938872,-1.0431481572444736,-0.6070150022634411
poorly,6.768445987981924,-0.2319471668387267,0.01402753492582647,-0.01585601666334205
poorly optimize,7.684736719856078,-0.5252605871203495,0.4061270996984006,-0.017631854102858842
pop,8.195562343622068,-0.41073643240195673,-0.1508810264025559,0.3354944488822518
popular,7.684736719856078,-0.4987116505948137,-0.00046705469741788967,0.16780737301047993
positive,6.586124431187969,-1.212632803283487,-0.6185644305061434,0.8850455815091112
possible,6.180659323079804,0.587756983456681,0.20999454252317745,-0.49166915977626213
possibly,7.214733090610343,0.24939444248427917,-0.8774142537630628,0.41027733456943943
post,8.195562343622068,0.7310479098437964,-0.6825468115826095,-0.14165098775954907
potential,6.5533346083649775,0.6044540397145104,-1.5159685692332,0.2952797562752434
pour,7.502415163062124,-0.6269371679288147,-0.9819092580583744,0.9768623231107639
powerful,7.154108468793908,-0.5688029147666359,0.3705880552809249,-0.023844730178232253
practically,7.684736719856078,0.0052896631372273475,-0.2138925413783519,0.30523788507773947
pray,7.502415163062124,1.221636504268421,-0.4634023624499672,-0.5114687618872124
pre,8.041411663794811,0.0774715577490533,-0.6745130875025557,0.2539930483512166
precise,8.195562343622068,0.0549980553011319,-0.04627282667296015,-0.09706782312808075
predictable,7.9078802711702885,-0.4526287914389022,-0.00046956679288032675,0.1525896613504874
prefer,7.0428828336836835,0.5474195857980576,-1.2252348229014987,0.46343486747932994
premium,7.279271611747914,0.21158624302026927,-0.244865092984061,0.012928924248590094
prepare,7.9078802711702885,-0.9869135886514258,0.11164543957227006,0.38829280275540135
press,7.4223724553885875,0.5521075874342792,-0.33117094308345013,-0.23702826450141054
pretend,8.041411663794811,-0.333956733773375,-0.3021205460821655,0.2610977120283011
pretty,4.607424459309664,-1.5178908376161733,-0.7924924761732367,1.086238908741312
pretty cool,7.502415163062124,0.5894183745957571,-0.010339440334908249,-0.021856854933606194
pretty decent,8.195562343622068,1.393723792003032,0.31217894949914277,-0.5835891993488841
pretty fun,7.502415163062124,-0.4677782181519404,0.4136073587458704,-0.1337461460497739
pretty good,5.998337766285849,-0.11369349496315824,0.04118805671350765,0.04093448268698391
pretty great,8.041411663794811,-0.23106545384770327,0.5672924047807436,-0.21225194563466013
pretty hard,8.195562343622068,0.5854711144192608,-0.001116781849850635,-0.2756256775956997
pretty sure,8.195562343622068,-0.15412104184350478,-0.0003639590725876109,-0.03755174891485254
prevent,7.684736719856078,0.8575888645280989,-0.5387071208503186,-0.06988676895532331
previous,6.768445987981924,-0.08925888075700365,0.47857120354036287,-0.021345198311521308
previously,7.9078802711702885,1.3136068369064826,-0.2289579149513336,-0.6593704032733666
primarily,7.790097235513905,-0.33656714342809013,-0.0005623717879816039,0.2776180929968689
prime,8.041411663794811,0.7328156988281574,0.3151954290923179,-0.34814063135478196
pro,7.154108468793908,0.035765169370661376,0.14862572495278314,-0.05962894311412677
probably,5.476462306333274,-0.32603352001173697,-0.8494550437401728,0.5678826012815715
probably best,7.4223724553885875,-0.6528791187376133,-0.13552436370663878,0.5088137834146499
probably favorite,8.195562343622068,-0.00031144685397171664,-0.0007322209551901136,0.12432872453474102
proceed,7.9078802711702885,0.5945007387021557,-0.29479744281229203,-0.05246471221275678
produce,8.195562343622068,-0.25538375442356626,0.7670978155649103,-0.46583284924857216
professional,7.684736719856078,0.24316688806361558,0.5578079172477485,-0.484865823555031
progress,6.521585910050398,-0.940571129917708,0.23231359648905495,0.38279446935877554
promise,6.942799375126701,-1.0719596460524756,-0.8354409274025653,1.0554060096516449
proper,7.0428828336836835,-0.5118509951762503,-0.2855681661975664,0.3045491629591733
properly,7.096950054953959,-0.26161565463533676,0.21016650710919277,-0.009270141041648907
protect,8.195562343622068,-0.8072078456696605,-0.11653959918479165,0.5844055552685133
prove,7.589426540051753,-0.9268448166117514,-0.08607389420564412,0.6677795564537913
provide,6.43197375136071,-1.5620869232693562,0.7539029401477558,0.21551169470957107
ps,7.589426540051753,0.4542619796870597,0.8714754127922587,-0.5842493782790984
public,7.9078802711702885,-0.21564614391702633,-0.3680125226683999,0.3316013518837293
pull,6.460961288233962,1.457286300730206,-0.8993318956118002,-0.8033858743956344
punch,7.279271611747914,0.5401787878227692,-0.7813414247745271,-0.05776667569742639
punish,6.65511730267492,1.2917196713595613,0.4409004164098848,-1.239341256772354
purchase,6.851827596920974,0.5663524275582671,-1.2442786910927939,0.3153140493865234
pure,7.096950054953959,1.437745554598136,-0.21913777104107227,-1.0218926936274864
purely,7.9078802711702885,-0.6802245615526163,1.2427210393065302,-0.19401327521335449
push,6.768445987981924,-0.3300802505912209,-0.7142753466074642,0.5744587415002558
puzzle,8.195562343622068,0.39508731037920003,-0.007057770556760635,0.036171176887650834
pvp,7.684736719856078,-0.9266076127086896,0.8715074364001185,0.0796092597947
que,8.195562343622068,0.5313630759374258,0.8763648962767672,-1.0102556238148075
quest,6.403802874394014,0.6327854209093995,-0.3075242154881184,-0.09022471968466426
question,7.589426540051753,0.3760129095888245,-0.8801097401252642,0.04120180497088997
queue,7.4223724553885875,0.5233429700262413,0.7408926925460276,-0.6659750332903626
quick,6.43197375136071,-0.8747652046745128,-0.98339388663247,0.9472736475614812
quickly,6.349735653123738,0.6764329303180546,-0.2969437557393203,-0.46861229354414907
quiet,7.790097235513905,-0.20479355153568884,-0.5683437208651178,0.32271330380022684
quit,7.348264483234865,0.5585734917214658,-1.121038247792715,-0.03840374185601434
quite,5.544670556359807,-0.2466777822937806,0.3604286821584159,-0.03633791915613341
quite good,7.9078802711702885,-0.18725089683788868,0.08715961495611307,-0.08267484918203233
race,6.3237601667204775,0.035314894092761076,0.10879623047907541,-0.06675227317831332
rage,7.684736719856078,1.1699273775651153,-0.3083892752786196,-0.6696752513777081
raid,7.4223724553885875,0.20698628314005668,0.5644901989685858,-0.4332663493720281
ram,8.195562343622068,-0.017622067326310657,0.733880442200698,-0.5813041013995116
random,6.768445987981924,-0.7068039833336053,-0.3541563214310994,0.4329439162367528
randomly,7.096950054953959,0.6366761097699338,-1.1911801302955864,0.08402780167329255
rank,7.214733090610343,0.3984154636804744,0.3370188936740392,-0.3360586610942744
ranked,7.279271611747914,0.35690580007952377,0.5292474773774322,-0.564486711450816
rare,7.0428828336836835,-1.0789350050385815,0.6821990274967595,-0.22554394152067767
rarely,7.684736719856078,-0.3008976993929383,0.5316976645706226,-0.09157188269806388
rd,7.348264483234865,-0.622666519862273,-0.9192810596544583,0.939606442387031
reach,6.521585910050398,-0.03136148287104843,0.021685258218301362,0.16032513959015418
react,8.041411663794811,0.5313564917536371,-9.006039864372257e-05,-0.3637722842382277
read,6.460961288233962,0.2975554296652773,-0.7762516640436254,0.01702770380602966
ready,7.279271611747914,-0.5218312602024496,0.4313167659953121,-0.11952851885539932
real,5.342930913708751,-0.3987824435823373,0.08862950307894836,0.11240367672269536
real good,8.195562343622068,-0.16345955907569587,-0.5510715007966379,0.3953827436587636
realise,7.589426540051753,0.8381749890844549,-0.002080945545523497,-0.4799425698411138
realistic,6.521585910050398,0.6027649519439254,0.022402040121471033,-0.31344735973314974
realize,6.729225274828642,-0.2910473790762751,-0.3874323698757963,0.27787384683913235
really,3.7847862956622014,0.20407982112509368,-0.3145340045029148,0.16448912436617805
really annoy,8.041411663794811,0.04477586820324416,-0.3083714878489539,0.15034294622536756
really appreciate,7.9078802711702885,-0.10536674012828195,-0.23846545346387765,0.1759053658876145
really bad,7.684736719856078,0.6817548730387203,-0.5015288544204303,-0.21380631551053098
really cool,7.589426540051753,0.30966235991038804,-0.4919731015724934,-0.09018580292801003
really easy,8.195562343622068,0.19736970295186365,-0.038215174812051556,0.045770642399211095
really enjoy,6.43197375136071,-0.7252705775526629,-0.20855227584570493,0.3200462306469654
really feel,7.589426540051753,-0.04802885960532467,-0.6329129131410464,0.18365286037667472
really fun,5.797667070823699,-0.44840297130028983,-1.1793333442060037,0.8013373846691277
really good,5.828438729490452,-0.2009233362606273,-0.946297693736692,0.6775840239924754
really great,7.0428828336836835,-0.6335082327537853,-0.2812261483534932,0.6304142406696628
really hard,7.9078802711702885,0.16866812167050932,-0.004392035804030622,-0.25654452598239763
really hope,7.589426540051753,1.2285628994186,-0.19060524703064005,-0.5060727859037903
really know,7.9078802711702885,0.7675018392220517,-0.3293429049445641,-0.3158201376781148
really love,7.154108468793908,-0.19183729594489501,-0.21977063882903178,0.12645466148798468
really need,7.684736719856078,-0.010552012503162237,-0.3438769582653918,0.08269289047077111
really nice,7.9078802711702885,0.044895365736787936,-0.4835912545291043,0.17815473215232625
really really,7.684736719856078,-0.7132084525187985,1.0260551703589724,-0.3482504416967562
really recommend,8.041411663794811,-0.006067359176811765,-0.02122100570575293,0.07469413692094116
really say,8.041411663794811,-0.5255684867671677,-0.0006334584714867697,0.3162003050885943
really think,8.195562343622068,0.04964139112099145,-0.11417058670897569,0.05209064989966778
really want,7.4223724553885875,-0.6558239864122339,-0.5244852696900649,0.6156400654171399
really wish,8.195562343622068,-0.7004719531370368,-0.0022274962761966023,0.3405652509855058
reasonable,7.790097235513905,-0.45788294580588657,-0.012112922820530121,0.3374876215110322
reccomend,6.991589539296133,0.12905501069853673,-0.9093077933123564,0.49715393258126855
receive,6.991589539296133,-0.6081503851970868,0.3556839368976662,0.17469747003689307
recent,6.65511730267492,-0.5847141914438928,-0.07727343782816934,0.4042836557756666
recently,6.768445987981924,0.199025584707302,-0.21172851929879502,0.10123583521926685
recomend,7.154108468793908,-0.8536116523806611,-0.19174001165888516,0.39671679138481825
recommend,4.215880689720108,-0.4389923041154728,-0.7769918528778192,0.9567672906118773
recommend enjoy,7.684736719856078,-0.0760718194807084,-0.000836030171457852,0.014624837216194451
recommend especially,7.790097235513905,-0.41546778238253396,-0.03518647197499325,0.28591005929312097
recommend look,8.041411663794811,-0.3644754460510866,0.8244762728929681,-0.32179051938809744
recommend love,7.9078802711702885,0.30548661985505415,-0.07859079813148703,-0.06620976552243665
recommend try,8.195562343622068,0.712995939750431,-0.25313333901078566,-0.24056955425687368
recommend want,7.790097235513905,-1.2511784043139245,-0.2401594566520196,0.9477615810970771
red,6.8092679825021785,0.35305227168720643,-0.2404108241625914,-0.003461861960655067
reduce,7.502415163062124,-0.8540790936759474,-0.3071160049748032,0.642557659923601
reflect,7.9078802711702885,0.8829876145565602,-0.4788291524984075,-0.2606106473079246
refund,7.348264483234865,-0.34155016459062243,0.35518811243178794,-0.12037935602278733
refuse,7.4223724553885875,-0.9505581282757348,1.3314511090775019,0.012195784536830793
regardless,7.214733090610343,-1.3160716453676655,-0.20620153799111246,0.9291838794242377
regret,6.65511730267492,1.2557645125372294,-0.9918919358785467,-0.5411875093596759
regular,7.589426540051753,0.8263653728866077,-0.5934053994648526,-0.3531014991124885
reinstall,8.195562343622068,0.7398684373545247,0.37805545179611805,-0.7695594875319162
relate,7.790097235513905,-0.3958931939214643,-0.0011750932598672973,0.1550626981173476
relax,7.279271611747914,-0.519378579268492,0.16844362897093934,0.1760902875780066
release,6.0554961801257985,0.37074691099710705,0.06039089077583682,-0.343786812086716
reload,7.790097235513905,0.07614366971906347,-0.27622254317579126,-0.04963652325126245
remain,6.5533346083649775,-1.1831577792087145,0.047966087267955725,0.5095207295495083
remake,6.460961288233962,0.2627477786433689,-0.5397873813402837,0.22968531398815223
remember,6.116120801942233,-0.08521192184406069,-0.11752948218884621,0.15267117854234033
remind,6.521585910050398,-0.29225155952718146,-0.9523013939088791,0.6105546725142262
remotely,8.041411663794811,0.41419706951687096,-0.0785059125049883,-0.19354981876318653
remove,6.5533346083649775,1.0484851608458579,-0.6687732716106306,-0.512589341161185
repeat,7.790097235513905,0.9354381551431052,-0.7648578111135109,-0.3874774598151352
repeatedly,7.684736719856078,0.38478520623905177,-0.4391908115680838,0.10401064264966896
repetitive,6.349735653123738,0.4558892542522345,-0.46070867708785485,-0.07820067491312914
replace,6.991589539296133,-0.8349444983908648,1.0176071701089486,-0.4493233421851175
replay,7.0428828336836835,-0.7154670780654181,0.7435968739464415,-0.12098132330626578
replayable,8.041411663794811,1.0907573743423638,-0.7049726546963856,-0.3263499755894788
replicate,8.041411663794811,0.9672724941009068,-0.00011829465807988867,-0.5052689074858866
repo,8.195562343622068,1.117545433443573,-1.013872314148444,-0.19512230559991997
report,7.4223724553885875,0.05063841658125672,-0.6487630513711354,0.2728679451371144
request,8.195562343622068,1.4567301641763974,-0.20520367469812364,-0.7133400833420529
require,6.298442358736188,0.3906672483100266,-0.4622298748602965,0.056437680044855124
reset,7.214733090610343,0.8405685789482668,-0.8476112157258173,-0.04808898073405723
resident,6.991589539296133,0.47708963766838425,0.09136990331492663,-0.535866501113851
resident evil,7.4223724553885875,0.5784763143217702,-0.9919490993224497,0.08530091998924505
resolve,7.790097235513905,0.12184332631178196,-0.4886139093510097,0.09443190976037762
respect,7.279271611747914,0.037254116240719753,-1.036814359841412,0.5530907972834275
responsive,7.9078802711702885,-0.40913623723587217,-0.0004033077205618566,0.16834399100119588
restart,7.096950054953959,0.2830978078121187,-0.4820077104835096,0.33515890063130666
retain,8.041411663794811,-0.6109601299159179,-0.5575675187458168,0.4902806885737499
return,6.691484946845795,0.19973282773700776,-0.8708419161634746,0.5504573006134709
revert,8.195562343622068,0.5107833312250023,-0.561237110451492,-0.0009535544396589953
review,7.4223724553885875,-0.16814684240901878,0.42844314091141755,-0.21354888945703807
revisit,8.041411663794811,0.39143542938159925,-0.03274120428654178,-0.12552679500996178
revive,8.195562343622068,0.7676159232582048,-0.706815925189921,-0.11370515440364043
reward,6.180659323079804,-0.4472340480625,-1.282255537107312,1.0638772571524882
rewarding,7.4223724553885875,-0.7294986184896791,-1.011060875652903,1.1418590069588619
rework,8.195562343622068,-0.25152476285445663,-0.5948425020164928,0.42197630268332703
rich,6.991589539296133,-1.0203554205166117,-0.9273576664698877,1.022392393698194
rid,7.502415163062124,0.27306552230160863,0.05637983581803241,-0.13150779405598786
ride,8.041411663794811,-0.3514222733068421,1.2416541172297977,-0.7939739760192204
ridiculous,7.0428828336836835,1.9464268339374928,0.07429383795504704,-1.3146947373061615
ridiculously,7.684736719856078,1.1242349758254189,0.7373653334400635,-1.0417294044532743
right,5.27779161153779,-0.18270537496224873,0.24706747375965488,-0.06949871481766456
rip,7.348264483234865,-0.6677201611915816,-0.2721032642893875,0.5814967781715635
rise,7.502415163062124,0.6267027972119951,-0.2870561364865539,-0.1835217656210169
rival,8.041411663794811,0.30029177347585545,-0.3724324739347322,-0.20040722062044394
rlly,7.684736719856078,0.10361715097743676,-0.7268373097355316,0.4605700490440902
roll,7.214733090610343,0.40768779239877134,-0.7755186312480091,0.17420847036328882
rough,7.096950054953959,-0.6148557450784429,-0.4002031053512344,0.5969544673606404
rpg,7.9078802711702885,-0.23521100055485653,-0.6712198560392231,0.42688099899023657
ruin,5.669833699313814,1.356972156879391,-0.8879533583517071,-0.6285184069769665
run,4.515051139178649,0.08885175015106216,-0.08845251447323031,-0.05778431600642001
run away,7.790097235513905,1.2233092484307921,2.005440156322202,-1.9454716219793688
run bad,8.195562343622068,-0.7898924714344286,-0.38829743045270454,0.7413611137857102
run good,8.195562343622068,0.21846224369589115,-0.3194784755283187,0.09965649074796397
run great,7.502415163062124,0.21045517690650034,-0.35555166950106515,-0.0009112964964526045
run perfectly,7.790097235513905,-0.5732043368606918,-0.4005426082159151,0.6154974504729742
run run,7.790097235513905,0.08274002489852637,-0.240896136313034,0.20583964307588073
run smoothly,7.589426540051753,-0.18687450368626565,-0.4937466957650254,0.5551154465305372
run stop,8.195562343622068,0.9938514457156155,0.004505897583276217,-0.5984051639364134
rush,7.502415163062124,0.21780660168286387,-0.3436032193817968,0.02389523037219233
russian,6.65511730267492,0.20803254543157224,0.17598206194286842,-0.21924777900114473
rust,8.041411663794811,0.9464116871560297,-0.5415317411062143,-0.29557050689537484
ryzen,8.041411663794811,1.095023349060132,0.8153565358184021,-0.6057797947938312
sacrifice,8.041411663794811,-0.43976063442681723,-0.5987963065939517,0.7631631026877674
sad,6.43197375136071,1.303217480524675,-0.6984135196214164,-0.7755645713540867
sadden,8.041411663794811,0.49068447449066543,-0.45103478190156143,0.047816399976767225
sadly,7.214733090610343,1.302703781957798,0.009751038609409271,-0.9320609962001659
safe,7.348264483234865,-1.0792800218614054,-0.6745444966458746,0.9269352694564642
safely,8.195562343622068,-0.17009214227276992,-0.00010078819890719251,0.03390223090925348
satisfied,8.195562343622068,-0.7142474856428181,-0.07852326887955548,0.42354162625906727
satisfy,6.226121697156562,-1.4789245096413863,0.07422541177881957,0.7720923773962857
satisfying,7.279271611747914,-0.18767592255597423,-0.042878171221398406,0.39327342851529584
save,5.892977250628023,-0.08013552856144045,-0.6697236570296811,0.6446764677778216
saw,6.851827596920974,0.3734344919655609,0.24150572970875703,-0.3374179192389487
say,4.25722202987655,0.11757771291635286,-0.4751669011340827,0.2630065822818103
say bad,8.041411663794811,0.39226610161207753,-0.812932543118173,0.20066217150441798
say best,8.041411663794811,-0.34125624363532536,-0.7039825524916064,0.6746649484086307
say definitely,8.195562343622068,-0.061828529329269036,-7.401379746730047e-05,0.06165403657786855
say fun,8.041411663794811,0.6550556394965216,-0.2698376429253696,-0.27112748486611016
say good,7.790097235513905,-0.2549431550610717,-0.00491285003068471,-0.0034147200588743806
say pretty,8.195562343622068,0.4534985906294905,-0.7511140476100011,0.08334011551526205
say really,7.684736719856078,-0.5063171459601153,-0.018903626337793564,0.2997931970921755
scale,7.9078802711702885,-0.12530601541064335,-0.0006886543209544569,0.22239825486015397
scar,7.0428828336836835,1.2354789828941908,-0.34782875552502335,-0.5743036709312996
scared,8.041411663794811,1.1805425314009228,-1.3513623952577338,-0.5102863093066168
scary,6.298442358736188,1.249954762443598,-0.382936891604196,-0.6828324717066553
scatter,8.195562343622068,0.3523655568401058,-0.15411176694993384,0.07475473832153626
sci,8.041411663794811,-0.4158344512163248,-0.03965945180392878,0.3158292188918997
scratch,7.348264483234865,0.8142280140526685,0.1316943827625345,-0.41261036946237506
scream,7.0428828336836835,-0.1664751391610695,-0.5198602506291977,0.3624614733095357
screen,7.4223724553885875,0.05636652438184614,-0.03978980539927769,-0.053195069936427475
screw,7.9078802711702885,-0.23405118913940554,-1.1875755595172448,0.4656888298925072
script,7.684736719856078,0.9393635661624528,-0.8154021989981227,-0.2588735602840497
scummy,8.041411663794811,0.44249715836437037,-0.01257238680018793,-0.3108889204252928
seamless,8.195562343622068,-0.4809953214002665,0.5023995270408633,-0.01031847980524943
search,7.279271611747914,-0.43305930588306596,-0.7413727008184862,0.5324184614679052
seasonal,7.684736719856078,0.148414450870389,-0.6538526068785536,0.3890115149468188
second,5.656588472563793,-0.3760612337406244,0.1330633951401409,-0.04603433794716746
secret,8.195562343622068,0.9614656489465931,-0.7898373434991489,-0.21728609852106834
seek,7.4223724553885875,-0.3801705576705219,-0.7206420374429735,0.664966996310107
seemingly,7.684736719856078,-0.4867228482964952,1.277194028496635,-0.5046948723182766
select,7.684736719856078,-0.46876869559952467,-0.5669370863338266,0.4744382659538828
self,7.9078802711702885,0.9650076220294013,-0.3886572179150968,-0.13679263591856122
sell,6.226121697156562,-0.7171835997722916,0.6797641414306093,-0.3806340248587898
semi,8.195562343622068,0.06843322067912963,-0.18210455196471928,0.03763748360976451
send,6.896279359491808,0.37688264386114856,-0.5656841795912558,-0.28481810283986214
separate,7.790097235513905,-0.3389859048999763,-0.7406741206055273,0.6907799528221833
seriously,6.851827596920974,0.646150387443072,-1.113161415804271,-0.06908339035423561
serve,7.790097235513905,0.6889661164966335,-0.0003550592644657232,-0.36436990147210224
set,5.961970122114975,-1.282674263089695,0.24969971791137155,0.44246085259505796
sexy,8.195562343622068,-0.5365058749279914,-0.8484930093061025,0.8860241306528334
shake,7.9078802711702885,-0.08516622020572381,0.760543086489129,-0.5931007269710179
shape,7.502415163062124,0.2672267958831578,-0.44786599809667926,0.25738333955386367
shatter,8.195562343622068,-0.14453857521196048,-0.0003124623450705337,-0.03771701304235867
shift,7.9078802711702885,0.5123693781328522,-0.13287482225769404,-0.2950677086273872
shin,7.684736719856078,-0.35211447162540466,-0.00029883606428226747,0.27820662524708456
shock,8.041411663794811,0.6440159302024923,-0.7494732578978307,-0.02958853551765523
shoot,5.9442705450155735,0.09852709750268072,-0.5863682753654763,0.20481661355933153
short,5.6832567196459545,0.14372233002269602,0.4438594272112452,-0.36938272790180965
shouldn,7.684736719856078,0.06242687030773099,-0.5450776686928023,0.27828058466985994
shove,8.195562343622068,0.07140094469081244,-0.3839740322117186,0.19025748142288387
shut,8.041411663794811,1.47494531205152,-1.2914875719218664,-0.21054156563579485
sick,7.9078802711702885,1.3526085627649729,-0.6047435610339544,-0.6556939857021504
sight,8.041411663794811,0.3314578073922173,-0.36565343789361715,0.04894505646590187
sign,8.195562343622068,-0.3381161444390172,-0.7512870429404452,0.7088450218870835
significant,7.502415163062124,-0.05990510546365095,-0.22935734265204258,0.14601840935094595
significantly,7.502415163062124,0.16455609930928544,-0.18093095456884434,-0.23777870822373356
silly,6.991589539296133,0.8412777634419026,-0.8143061562569268,0.02319885132861708
sim,7.589426540051753,0.45122220280124253,-0.2685480859346765,0.10041620118453819
similar,6.249652194566756,0.22015099428417106,-1.1213859425571884,0.3140882436647237
simple,6.180659323079804,-0.415504483716008,-0.861453856210304,0.7135267470868675
simply,5.876447948676812,0.4613606228191938,-0.587016834599586,0.09087080092432163
sims,7.348264483234865,0.4549120193716798,-0.480846401124729,0.07394603883724263
sincerely,7.9078802711702885,-0.39514076081559674,-0.08484389174163849,0.3319375888477669
single,5.199830070068078,-0.8538094949471231,0.002469142291939847,0.3561379207849552
single feel,8.195562343622068,0.1970795464539116,1.0354142686181036,-0.925075945823527
sink,7.9078802711702885,-0.27774067403946545,-0.001034195560417876,0.027543574154491022
sit,6.586124431187969,0.2058999478166219,-1.0235748645442417,0.38137877675627635
skill,7.096950054953959,0.403294626792389,-0.7294121073287357,0.03687769773682843
skilled,8.195562343622068,-0.039512970548123166,1.485451689857137,-0.9552691510121746
skin,7.9078802711702885,-0.9319448533364582,-1.0416023320923138,1.090429753095174
skip,6.62002598286365,-0.2947525679896496,-0.5567160643528237,0.4748670298528128
skyrim,8.041411663794811,-0.736088270895202,-0.25220000292075206,0.43297826114082894
slam,8.195562343622068,0.5590716635721749,-0.16258842317564146,-0.2317527275262868
slap,8.195562343622068,-1.0341996094633152,0.8049417799674142,0.2568702295385056
sleep,7.4223724553885875,-0.46813690769013466,1.0168858606001072,-0.7006168160645935
slight,7.502415163062124,0.16252834722375517,-0.3012636564238165,-0.098867927406577
slightly,7.4223724553885875,0.18843374452496803,-0.19071910704560993,-0.08119217515267031
slop,8.041411663794811,-0.33305337798729845,-0.8268778698142711,0.5687963485665967
slow,5.7106556938340685,0.4787663962313088,0.11052773997002606,-0.3607151655497951
slowly,7.214733090610343,-0.4904275233962142,0.5725761331920873,0.017053255011026263
small,5.782629193459158,0.5471374378675856,-1.459042059624581,0.2515824260552976
smart,7.684736719856078,-0.5286709993912413,-0.4569360875110964,0.61827066904499
smash,7.790097235513905,-0.8798444013408075,0.705768890317986,-0.29601264311271014
smooth,6.43197375136071,-0.19222660846815004,-0.5716232267197148,0.3602807564819391
smoothly,7.279271611747914,1.2625726659793053,-0.8320904500795953,-0.35700382120827556
sneak,7.214733090610343,-0.34429863448036063,-0.2893851075618227,0.2741721864178564
social,7.096950054953959,0.557811964363761,-0.9774325563032552,0.03796804699645688
soft,8.195562343622068,-0.37253581943941283,-0.0004667028986312543,0.26557624147828723
solid,5.909784368944405,-0.771512225536194,0.06945662530406752,0.1362146245303507
solo,6.991589539296133,0.6648015236420404,-0.03409969842767021,-0.0786504992833477
solve,7.214733090610343,-1.352922724878229,-0.00270834250025713,0.7943887298584061
somewhat,7.096950054953959,-0.6636610530106215,-0.6269545183083994,0.6623568362030826
soo,7.9078802711702885,-0.5107222549876455,-0.4253863305952924,0.6781903087623026
soon,6.43197375136071,-0.2742280368971657,-0.31349349036725016,0.432011643583807
sooooo,8.195562343622068,0.308860440610475,-0.4688605034933397,-0.14020622537455402
souls,7.9078802711702885,-0.4239698958963465,-0.22643094205833902,0.3742888144877326
sound,6.8092679825021785,0.11701331735718053,-0.34285873949029677,0.031489809995689254
spam,8.195562343622068,1.3940269991944745,-0.69786378620456,-0.6410199675156736
spamming,7.9078802711702885,0.1958533185284953,-0.2859089741079394,0.021250123629770946
spare,8.041411663794811,-0.38421202711072977,-0.5388873592283551,0.5784098573220952
spawn,7.0428828336836835,1.1186945030454372,-0.8507455879969361,-0.47694389973603
speak,7.154108468793908,0.6570045472905192,0.8022526936963794,-0.6932623887482436
special,6.5533346083649775,0.5613992700382974,-0.6467673667747592,0.05598781605740863
specially,8.195562343622068,0.8538956724445423,-0.06644074435194443,-0.46015779544818836
specific,6.896279359491808,-0.8354639862267568,-0.29590882808262287,0.5842185048877256
specifically,7.502415163062124,-0.5709107082891998,-0.5909308017678542,0.7296930115571766
specs,8.195562343622068,-0.8268573832159025,0.7680583572144553,-0.06018349965226639
speed,7.684736719856078,-0.6130904994241421,-0.2525442732958619,0.5546718941924064
spend,5.191531267253382,0.2194425350266446,-0.2207451306556759,0.08221252506823067
spent,7.502415163062124,0.005714924964427013,0.15860401094716484,-0.13105435851354166
split,7.9078802711702885,-0.7003717946319354,-0.5253093495406547,0.6594067125134868
spoiler,8.195562343622068,-1.0696035967538837,-0.00033110923708128516,0.5017925039265266
squeeze,8.195562343622068,-0.6793448193674488,0.42547011365984516,0.156257892479788
stab,8.195562343622068,1.002557300060852,-0.39604331461199127,-0.40510709569743864
stable,7.4223724553885875,0.31473466799927574,0.27958453785534576,-0.15948567347612658
stand,6.158680416361029,0.961997336040081,-0.7129486838633015,-0.5333956092607485
standard,7.348264483234865,-0.3937951197285944,0.5779076495787819,-0.3016138852060793
star,7.684736719856078,0.1375227561674859,-0.23035511332603592,-0.001455783869683834
starside,7.790097235513905,0.3344300210307187,0.6993645368458737,-0.607145548467308
start,4.761575139136923,-0.04349801432777306,-0.1325889549357422,0.0636302046996636
start feel,7.9078802711702885,0.4639895362054848,-0.00012183837015972588,-0.2700927430832251
start new,8.041411663794811,-0.577700660494686,-0.48436634946151835,0.5997253195278183
stay,6.017029899298002,0.7028562007162142,-0.07497640632680971,-0.2651469422451044
stay away,7.502415163062124,-0.32409279699686155,-0.9003935669164486,0.6370956688336242
stay true,8.041411663794811,-0.20877723552246874,-0.5575473308143603,0.3918289927251156
steal,6.991589539296133,0.7491823680900074,0.19852318709919325,-0.6059282341339818
stellaris,7.589426540051753,-0.7261311156945431,-0.7563235485234638,0.8324925541046004
step,7.684736719856078,0.6659354112765754,-0.5492644455639556,-0.06695020420341716
stick,6.180659323079804,-0.013646189651735753,0.5156297744353507,-0.32207723388746334
stink,8.041411663794811,1.4445135697446114,-0.9081950951333007,-0.5686317242754128
stop,5.568481205053526,0.756098217392028,0.43370764638637704,-0.7703373606100401
storyline,8.195562343622068,-0.14493510777265617,-0.28558356885678915,0.13274129858175612
storytelling,7.790097235513905,-0.7245989348075116,-0.5029544226953521,0.7637501587312374
straight,6.137174211140065,-1.054394875183295,0.21045794042396798,0.13146887791767436
strange,7.589426540051753,1.3518395739982836,-0.7221417303104177,-0.6422424897139832
strategic,7.9078802711702885,1.2376309340049065,-0.1654225856441769,-0.6380243512378465
stressful,7.790097235513905,1.2654942949645611,-0.6743163138697813,-0.5198920880191946
strict,8.041411663794811,0.4180846251931874,-0.037798475512468926,-0.341120384568321
strike,8.195562343622068,0.06616688265242812,-0.35688798651303183,0.13873793251240182
strip,8.195562343622068,-0.7254438759733001,-0.5218216269973293,0.6778005987346312
strong,6.158680416361029,-0.7804469102193129,-0.8897063912503713,0.8808481038246825
struggle,7.4223724553885875,-0.7291109838330495,1.3222510497579845,-0.30222312873506557
stuck,7.9078802711702885,-0.0096726959289654,0.493361799317174,-0.21199649682123323
study,8.195562343622068,0.4649892514589255,-0.3550420834198454,-0.18662288497514806
stuff,7.154108468793908,-0.5550485315242711,0.3597429220644083,0.11199884374173069
stumble,8.195562343622068,0.17392072612538842,-4.328668066039731e-05,-0.10549964240368155
stun,6.8092679825021785,0.8462309644284494,-0.9004189415820326,0.012746387664222076
stunning,8.195562343622068,-0.36797942234882824,-0.15823147063765117,0.40109404559841044
stupid,6.298442358736188,1.2179585923210265,-1.3683842278979639,-0.41621363370211745
stutter,7.684736719856078,0.4196757662702645,-0.8070575886138808,0.3246057929935579
subnautica,7.589426540051753,0.06174318137248783,-1.313881077685142,0.6617062645447785
succeed,7.790097235513905,-0.9137576912561316,-0.4780704094109102,0.8831267258250114
successful,8.195562343622068,-1.3058188673753106,-0.1763495744623019,0.761393656101048
successfully,7.790097235513905,-0.010728761201252714,-0.00044595556940364993,-0.12386517171418014
suck,6.036078094268697,1.9323965826677112,-0.7659189179207732,-1.463363438585421
sudden,7.502415163062124,0.1334541958705678,-0.14089276016188773,0.24592593029986776
suddenly,7.279271611747914,-0.548387646328092,-0.5681371867904412,0.4650059870250065
suffer,6.729225274828642,0.8238862196399273,-0.5509435377303098,-0.2979167301612761
suggest,7.589426540051753,0.5692871043072775,-0.512567528891787,-0.2689759652042578
super,5.465533235801083,-0.4586267261743133,-1.1633302270748118,1.1009985602360592
support,6.896279359491808,-0.04117412070686878,-0.8708164707938961,0.5680284659195207
suppose,6.62002598286365,-0.1642717135936777,0.46825301242955647,-0.14986073353619375
sure,5.6832567196459545,-0.5476679548157969,-1.147909417118712,0.9081968308441685
surprise,6.896279359491808,-0.9718570943843273,-0.2561554740913768,0.661319359960087
surprising,8.041411663794811,0.45374373911176086,-0.008802946930037778,-0.34166215356907453
surprisingly,7.684736719856078,-0.6097252482831882,-0.6745081247607047,0.7062559323552565
surround,7.9078802711702885,0.33498320537826476,-0.00021302574447123936,-0.20038712730874994
survival,6.896279359491808,1.086603184193469,-0.7312822543529806,-0.590091194705964
survive,6.851827596920974,1.084167561324378,-0.2634980147264353,-0.46579603794896696
survivor,8.041411663794811,0.2630705626326985,-0.00041224676112807854,-0.182203985422733
swear,8.041411663794811,0.816796511951499,-0.33312772285874814,-0.5057518322088826
sweat,8.041411663794811,-0.16790132584510484,0.7660893139875281,-0.6051916893930068
sweaty,7.9078802711702885,-0.08335020215027365,0.7873640671653401,-0.2797622765150691
sweet,7.684736719856078,-0.2755562623537789,-0.6717313106131425,0.5613063634295924
swim,7.9078802711702885,0.5804577529751692,0.19443499643659096,-0.4309574565378387
swing,8.195562343622068,0.641204300147716,-0.1859148210012109,-0.3850480101341141
switch,6.851827596920974,0.6768489441978848,-0.6477734494238554,-0.04091678579505535
ta,7.154108468793908,-0.3767473949167617,-0.2616639012651215,0.3588191114127261
tactical,7.279271611747914,0.19124891230837235,-0.7801502336045864,0.34125471455517187
talk,6.158680416361029,0.3714718036215959,0.30133703475814894,-0.479280470675179
tall,7.9078802711702885,-0.5476197883012502,0.7986305415067231,-0.38753242850121766
tank,7.9078802711702885,-0.2734286106254799,-0.008068378905876942,-0.03688093856615961
target,8.041411663794811,1.6141876129309973,-0.691703601298706,-0.7002556573859284
teach,7.4223724553885875,0.11298496816442362,-1.037629853383649,0.5307051176652496
teammates,8.195562343622068,-0.27679324947405026,-0.16368760885712935,0.21270847508316443
tear,7.9078802711702885,-0.5606866494327024,-0.5200390885012934,0.7301290095420037
technical,7.4223724553885875,-0.010460216759113655,-0.23453970358877588,-0.058167038691575176
technically,7.684736719856078,-0.37977567872750684,-0.0010483728882747217,0.13844489146150935
tedious,6.5533346083649775,1.2290548182532923,-1.4194096753368752,0.09310097405340853
teleport,8.195562343622068,1.703411881196121,-0.08876837704982478,-0.9876464106783895
tell,5.498685443117984,0.2838394069495649,-0.6493039258564526,0.1973808551230857
tend,7.348264483234865,-1.0868274615443143,-0.30667792709751585,0.8322049592338082
tense,8.041411663794811,0.584118154803858,-0.0004265042903007492,-0.36415208568206553
terrible,5.656588472563793,1.5896563674937594,-0.7360403117313511,-1.1253623815238727
terribly,7.9078802711702885,0.6513957584890783,0.4198974948334712,-0.5419603160813697
terrify,7.790097235513905,0.2834624279312383,0.14725236362105004,-0.18780207817523403
test,7.0428828336836835,-0.192735923427787,-0.18400513207261993,0.21805056931390243
th,7.502415163062124,1.5219968036133174,-0.15591698712065227,-0.9253134470042033
thank,7.4223724553885875,-0.44589207298943456,-1.5258189832568152,1.2254944046044225
thankfully,7.790097235513905,-0.3791901219081198,-0.42130657392369425,0.49696640677162895
thats,7.279271611747914,-0.0733944389408716,-1.2215448143691627,0.8184540152657465
theres,7.154108468793908,0.034384868423551845,0.037744983256612324,0.21731340759646295
think,4.392610433248285,-0.013136761910267643,0.06055097144854124,-0.03934719925139541
think actually,8.195562343622068,-0.007731163015732694,-0.3453987513027523,0.13928170801699857
think best,7.790097235513905,0.8669078359768368,-0.1744590200234848,-0.3756907139056823
think buy,8.195562343622068,-0.3707137446020729,0.7079095514786372,-0.17994346859281407
think fun,8.195562343622068,-0.3900463302562653,0.5055462314078664,-0.37039462497392545
think good,7.502415163062124,0.5062188595324699,-0.6137931256075415,0.060532217599328496
think ll,7.9078802711702885,-0.08981107542144524,-0.4960192169021827,0.33948641131208207
think really,7.348264483234865,0.6936890453536547,-0.13180830158717394,-0.25650204017534006
tho,6.991589539296133,0.39456333582711295,0.5236392269964671,-0.4369902118684807
thoroughly,7.502415163062124,-0.4087833526939343,-0.12556738858106606,0.3428397878244107
thoroughly enjoy,8.041411663794811,-0.3831020267083111,-0.06842095711560064,0.2111834236525047
thrill,7.9078802711702885,-0.33901881787078125,-0.8289363559516287,0.777068691175818
throw,5.961970122114975,0.3738084040817207,-1.2900714191031577,0.3115991769396675
throw away,8.195562343622068,0.4779441235711216,-0.0003529762197294415,-0.31332020527525745
thumb,7.9078802711702885,-0.21238281246993293,0.47983235533463414,-0.3100463132774653
tie,7.4223724553885875,1.0635749292498131,-0.11885395492389754,-0.5656113788403424
tier,8.041411663794811,0.2225440561107502,-0.27720315340251034,0.0035009787738141344
tight,7.348264483234865,-0.5747192079587461,-0.3274479173023234,0.5635603064582543
till,7.214733090610343,0.03720849269018804,-0.7495597098203833,0.35102350218903167
tiny,7.348264483234865,0.09937469497642232,-0.4614181570223324,0.09535663793594015
tire,7.348264483234865,0.9306699594390196,-0.4963724060110194,-0.30763485759708564
title,8.041411663794811,0.37195763556507677,-0.00034354784255765823,-0.15554461872568728
total,7.348264483234865,0.7190033559531447,-0.31732247643940753,-0.2463384586695176
totally,6.768445987981924,0.25523638838449064,-0.8894021827521332,0.23285241056276076
touch,6.851827596920974,-0.15688312703551754,-0.38029716332739205,0.3976726285505618
tough,7.502415163062124,-0.6586153539663602,-0.6454421405759303,0.5880195315248519
toxic,6.3237601667204775,0.4005643719003108,0.16664136624808948,-0.3551828446458931
track,8.195562343622068,-0.01731976528062357,0.0007277497268510858,-0.11997307007935053
trade,8.195562343622068,-0.17697146783128037,-0.3389203354570156,0.3537494725042235
traditional,7.684736719856078,0.00464792655820396,-0.44402078703326375,0.18515109527881252
train,7.9078802711702885,-0.5909194756246173,-0.0004974039743782833,0.32658975440521393
translate,8.195562343622068,0.08182889975431702,-0.0003579028435793715,-0.08382861626416682
trash,6.62002598286365,-0.1188649763584176,-0.5727667016415012,0.4640021478971291
travel,8.041411663794811,0.8081242135535248,-0.00015714956287391955,-0.5505507031369211
treat,7.790097235513905,-0.37870949655795805,-0.34609040242011163,0.47389353534529227
tried,8.195562343622068,0.8879410386828112,0.5957971699172416,-0.6733914768212186
troll,8.195562343622068,-0.2833304498070321,-0.46911750858257684,0.4621193382131363
true,6.137174211140065,-1.0841877695086135,0.17495357435881423,0.3128183335369605
truly,5.909784368944405,-0.8407269151168154,-0.976232541840109,1.1847967568460742
trust,7.589426540051753,0.04898848059216316,-0.6925845694594533,0.4419866535399902
try,4.536283359284424,-0.0965528552457488,0.1518105166786038,-0.06799958863585348
try figure,8.195562343622068,-0.715710881575392,-0.12334423616248211,0.3049364696073024
try fix,7.9078802711702885,-0.48347836542635314,1.0324384434264038,-0.5523983424446979
try join,8.195562343622068,-1.3676438901716284,-0.46636755821722403,1.0085157637282394
try new,7.9078802711702885,-0.617130756567512,-0.009082429956891,0.3922642663146945
tuff,7.790097235513905,0.19653146935993557,0.17274723925412805,-0.23145010020623333
tune,7.684736719856078,-0.7455143837320237,-0.15287777212433348,0.38689416540805316
tunnel,7.9078802711702885,0.4049499818097712,-0.6214327933519299,0.016444026640463176
turn,5.476462306333274,0.12410116671686795,0.17856201046506875,-0.10692212347025261
turn base,8.195562343622068,-0.6481296649943493,-0.27930248084120624,0.4169928830242404
tutorial,6.942799375126701,1.0128399601153097,-0.25987222765691,-0.5395155335709383
tweak,7.790097235513905,-0.25138892925300665,-0.41537044797160444,0.28324765912270794
twice,7.4223724553885875,-0.04335255410999525,-0.4770412161301507,0.10454179105611719
type,8.041411663794811,0.06312264474233509,-0.2212153049682434,0.026618575004061392
typical,7.502415163062124,0.5254271374838361,0.008152594593205583,-0.5330516269812042
ubisoft,7.790097235513905,0.59574342480151,-0.1902274234721338,-0.1769585868468253
ue,8.041411663794811,0.15564469011869722,-0.000524195992651794,-0.025372409923393194
ugly,7.4223724553885875,0.9948188705700507,-0.30118047633244444,-0.7757344923463707
ui,7.279271611747914,0.22937068251486506,-0.9029054303819867,0.3568717635994868
ultimate,6.851827596920974,0.4618854346317974,0.9875706212098418,-0.7346515360003504
ultimately,7.4223724553885875,-0.41408588635669386,0.5550707187756432,-0.06522391543842221
ultra,8.041411663794811,-0.19785206912637024,-0.12535783549651253,0.11102061994973528
um,7.9078802711702885,0.1585242519984317,0.11361087483472165,-0.16485822137057538
unable,7.502415163062124,1.7295042059539443,-1.1448886920262684,-0.8170436649821411
unacceptable,8.041411663794811,0.8431091547876285,0.7622715872245922,-0.9282973060353079
unadulterated,8.041411663794811,-1.0967938028750388,-0.15413192230806158,0.7003487630522841
unbalanced,7.154108468793908,-0.21480924161025353,0.2979796186125884,-0.12903803333440123
uncharted,6.896279359491808,-0.5948298524835133,-0.9051321525640874,0.9767936225287746
understand,5.724641935808808,0.033217517756380925,-0.44753215341997926,0.12804726825745266
understandable,8.041411663794811,-0.7496217424652301,-0.07673723141129418,0.5484866011969625
unemployed,8.041411663794811,0.49786714318837544,0.10275528286565225,-0.3726974532993985
unfair,7.279271611747914,1.3839819890210896,-0.05697236363479794,-1.139327788202688
unfinished,8.195562343622068,-0.22511885296208894,-0.05560452252916339,0.16564284318307873
unforgettable,8.195562343622068,0.27339356961021843,-0.0009346820464963337,-0.24066108729166194
unforgiving,8.195562343622068,0.7744926913907838,-0.2873438173433807,-0.1172477882097574
unfortunate,7.9078802711702885,0.20600432482901865,1.111320165910248,-0.688313697966664
unfortunately,6.3764039002059,0.44219759257896474,1.1279081060043554,-0.8033850802651538
unfun,8.041411663794811,0.7447632876800527,-0.7805970991792422,-0.08922920262003549
uninspired,7.9078802711702885,-0.7127162368520705,1.6421842049257103,-0.5496696104038742
uninstall,7.684736719856078,0.8547324540340938,-0.492856332846515,-0.07966308133608134
uninstalled,7.9078802711702885,0.17611758412159226,-0.054116748687589825,0.062114673328000136
uninstalling,7.9078802711702885,-0.1752456673895347,-0.776169312476108,0.5338964315573831
unique,5.9442705450155735,-0.271409324431008,-0.679515153920816,0.6125534709632415
unknown,7.790097235513905,-0.9710256918897835,-0.5970321732754212,1.0447168121272137
unlock,6.8092679825021785,-0.5598721952435193,1.068740469520996,-0.5677053132106873
unlocked,7.9078802711702885,0.1746733509980226,-0.6138454683885246,0.3302078472830467
unmatched,7.9078802711702885,-0.7134623255822625,-0.4591638131669929,0.5573093011692309
unnecessary,7.9078802711702885,0.6762905425129573,-0.36857294908304955,-0.2736196783038863
unoptimized,7.9078802711702885,-0.9220784284631145,-0.8037780328153759,0.8978066505596031
unplayable,6.095501514739497,0.5455988029871925,-0.5412788910583612,0.0610338824242995
unreal,7.279271611747914,1.1481963056738549,-0.868811045351467,-0.322073760115038
unskippable,8.195562343622068,1.7699896210746489,-0.3412168132312434,-0.8245801584913074
unstable,8.195562343622068,1.340265504311644,-0.7635146595263033,-0.5900864732074015
update,5.669833699313814,-0.960586686886921,-0.36523375858776713,0.7234119615389633
upgrade,6.586124431187969,0.3286902494184329,-0.6236486304789112,0.004472171665816997
upscaling,8.195562343622068,-0.27472628456195064,0.5941834539063157,-0.052420625879241164
upset,8.041411663794811,1.010038787716148,-0.7069132752000657,-0.17796196167153658
ur,6.5533346083649775,-0.004071050884124913,-0.15289102972806393,0.14676646062354398
use,4.575675760995084,0.38093970144931605,-0.046887034931139986,-0.16959439407589577
useful,8.041411663794811,1.0941390324158164,-0.23793271724111192,-0.3270502671678213
useless,6.691484946845795,1.540402463734864,-0.340519640296808,-1.0204794089266347
usual,7.4223724553885875,0.36310398650678066,-0.05595814659733179,-0.12139475037819746
usually,6.851827596920974,0.21330314474771125,-0.33950782124596646,-0.12844572190739587
utter,7.684736719856078,1.3587116610485197,-0.8214635128182265,-0.5938701494053602
utterly,8.041411663794811,0.20263004346001148,-0.00031247897798669243,-0.3120875925041738
various,7.154108468793908,-0.5425382387713824,-0.7164937710879155,0.6918098298157149
vary,7.790097235513905,0.6862592369325186,-0.6787448238123805,-0.12626717303806345
vast,7.684736719856078,-0.6139262712567523,0.4996246955174594,0.06564502495949734
vibrant,8.041411663794811,-0.005502455017530128,0.5807880898130771,-0.3333415429202416
video,7.589426540051753,-1.3612255734549845,-0.7715528846604877,1.0178905125740998
visit,8.041411663794811,-0.15059746527521914,-0.1034699969073735,0.31490563602659766
visual,6.729225274828642,0.672454806565288,-1.0608878749392152,0.053095166211555134
visually,6.991589539296133,-0.5480855008858379,-0.007960720562586997,0.2674598566411518
vs,7.9078802711702885,0.966718529997181,-1.0507144045346586,-0.19624585982948875
wait,5.568481205053526,0.10650411382882258,0.057006442379725984,-0.07124879434583516
wait gothic,7.9078802711702885,-0.6358844763522011,-0.40940133345623625,0.6419998131503509
wait new,8.195562343622068,-0.2587414134772878,-0.6546828695344229,0.3204565178327076
wake,7.096950054953959,-0.6741133248448993,0.6946089920772089,-0.2856078120863666
walk,6.490814251383644,-0.07497652560472348,-0.08066604821135781,-0.08040058527191786
wan,6.768445987981924,0.2783540125172358,0.4094348149214519,-0.4681246277978505
wan na,7.9078802711702885,-1.0980360761927914,0.043491279707835465,0.6199052912766454
wander,7.684736719856078,0.8064060526527872,-0.3155097979300959,-0.24797031778803993
want,4.031484443385294,0.3373780005763701,-0.012908786565353794,-0.20299020629388065
want buy,7.9078802711702885,0.3527344558549238,-0.2180433455952883,-0.15206673323759778
want destiny,7.9078802711702885,0.6813690379829753,0.15309621870760617,-0.3896764918420133
want drive,8.195562343622068,1.2012855010567565,-0.39559597088106985,-0.471810944950635
want feel,8.195562343622068,-0.02827230436793786,-0.4721996964697174,0.31797218868041127
want good,7.790097235513905,-0.29832478463271817,-0.4747364915146166,0.411115875360153
want kill,8.041411663794811,1.3557095977335871,-0.46874982048931485,-0.7260237212819459
want know,8.195562343622068,-0.10413833235062994,-0.4009268055492603,0.39055374822017763
want love,7.684736719856078,-0.5164480375893599,-0.6020470355083473,0.6358698376262882
want shoot,8.195562343622068,-0.5987609629262357,-0.6699324848819057,0.8678855822522002
want spend,8.041411663794811,-0.0631651743547522,-1.0569462493927446,0.5716305087894846
want stay,8.195562343622068,-0.13629811293383964,-0.421575648984154,0.10122485490681575
want think,8.041411663794811,1.106730678292567,-0.6719141271056526,-0.29673626826788924
want use,7.684736719856078,-0.7515962181860818,0.365728589303263,0.34404581348276797
want want,7.790097235513905,0.6869519068676764,-0.532436235249751,0.0630065691976889
warn,7.348264483234865,0.11469840301180736,0.7280848980016297,-0.5029760706359562
wash,8.195562343622068,-0.6480992432829988,-0.7868061138681215,0.9200481663451655
wasn,6.5533346083649775,0.6593828560410239,0.9467773101660826,-0.8246281727548669
wasnt,7.9078802711702885,2.1432140946230542,-0.7039297108069561,-1.040376895761641
waste,6.896279359491808,1.364532360491969,-0.6583807379265201,-0.7844073240423691
watch,5.979988627617653,-0.5202780040194506,-1.3931119494973507,0.9688275162639283
watch try,8.195562343622068,-0.2935629654592785,-0.1200834470440421,0.21464846547637803
weak,6.729225274828642,0.7839445872991688,0.06455527685814053,-0.5880063596525399
wear,7.589426540051753,-0.17816930234681896,0.7314594515594814,-0.4436283440157522
weight,8.195562343622068,-0.28112938483865624,-0.23025413986179996,0.3672414757042661
weird,6.5533346083649775,0.5348808958972538,0.26172893514861073,-0.5683618752661442
welcome,7.9078802711702885,0.11487850068898302,-0.00025197354076561583,-0.14354818875289083
weren,7.589426540051753,0.7339054953064608,-0.2343456096517772,-0.18120771171166558
whilst,8.041411663794811,-0.06554470307609278,-0.0225546245778617,0.04494275582862624
white,7.214733090610343,-0.18626473476390698,-0.03198858654641782,0.11154874756479954
wide,7.790097235513905,-0.18858824199629143,-0.21105575090418424,0.2997022744665831
wild,7.502415163062124,-0.3066294243183726,0.7310717464092256,-0.397284959862747
willing,7.348264483234865,1.176404652364392,0.0019344106730917535,-0.7920247034083606
win,5.074666927114072,-1.3155170514233367,-0.8230391057860825,1.1413791719910455
wipe,7.502415163062124,0.6789904497303687,0.04702714892669089,-0.26100297359183006
wish,5.412610834346741,-0.3984390530590701,-0.3658047366591353,0.6074122366297933
wonder,7.4223724553885875,0.3074512901910842,-0.1274528547142799,-0.1830757584177901
wonderful,6.942799375126701,-1.1978117030418955,-0.22814923894367078,0.8521690018302139
wont,6.403802874394014,0.40498339138214007,-1.0173051553389645,0.27150479224391816
work,5.127509408488452,-0.1318132858781128,-1.307309866344633,0.779755419414026
work great,8.195562343622068,-0.524597510827577,-0.06530189116958146,0.28482713403106497
work hard,8.195562343622068,-0.8177409938615373,0.4983069363196411,0.28918652996243577
worry,7.279271611747914,-0.44759895905245833,-0.4559070576811748,0.5028048539279018
worse,7.790097235513905,0.01294644309961153,-0.45920724910607236,0.19142918328326722
worth,5.55650501400681,-0.010984563755412055,-0.5196988057742729,0.4897409751256886
worthwhile,8.195562343622068,-0.17381023533626283,-0.08292202944923627,0.3050998831507176
worthy,7.790097235513905,-0.3034429923154172,-0.000649243073076173,0.24822233707781655
wouldn,6.349735653123738,-0.13929698520256392,0.22132913770488746,-0.03498311759248519
wouldnt,7.684736719856078,-1.179708643142755,0.06991484671111263,0.5741395829173545
wow,8.195562343622068,-0.24068766376712222,-0.8376345994056923,0.6488613436291238
write,5.797667070823699,0.9764742787963695,0.23931303401128742,-0.6608315061290498
wrong,6.273749746145816,1.5395613894202478,-1.2616651384426674,-0.6645243845717429
wuthering,7.214733090610343,1.1843334940631214,-0.366604624910669,-0.4356828907997308
xbox,7.790097235513905,-0.8588212797817117,0.1611589196757639,0.30881899799772133
ya,8.195562343622068,1.253482225815698,-0.730498414224092,-0.486356923450775
yeah,7.279271611747914,-0.9230545562420591,-0.04524153302829338,0.27736917511110337
yell,7.9078802711702885,-0.9660578559252679,-0.6395946773195049,0.9974295005771078
yellow,7.9078802711702885,0.19295080886853683,-0.6662204583460871,-0.07897801372794676
yes,6.203132178931863,-1.0664941228634122,-0.5723621324798716,0.8500893856925711
young,6.896279359491808,-0.24018291886240423,-0.9462555799346337,0.7477633247421924
