[2026-07-12 01:23:33] [INFO] [db_helper]: [DATABASE] Saving data to table 'raw_games'...
[2026-07-12 01:23:33] [INFO] [db_helper]: [DATABASE] Successfully saved 50 rows to database!

[2026-07-12 01:23:34] [INFO] [db_helper]: [DATABASE] Executing query...
[2026-07-12 01:23:34] [INFO] [db_helper]: [DATABASE] Successfully loaded 108 rows!
[2026-07-12 01:23:39] [INFO] [db_helper]: [DATABASE] Saving data to table 'raw_reviews'...
[2026-07-12 01:23:39] [INFO] [db_helper]: [DATABASE] Successfully saved 200 rows to database!

[2026-07-12 01:23:42] [INFO] [db_helper]: [DATABASE] Saving data to table 'raw_reviews'...
[2026-07-12 01:23:42] [INFO] [db_helper]: [DATABASE] Successfully saved 200 rows to database!

[2026-07-12 01:23:46] [INFO] [db_helper]: [DATABASE] Saving data to table 'raw_reviews'...
[2026-07-12 01:23:46] [INFO] [db_helper]: [DATABASE] Successfully saved 200 rows to database!

[2026-07-12 01:23:49] [INFO] [db_helper]: [DATABASE] Saving data to table 'raw_reviews'...
[2026-07-12 01:23:49] [INFO] [db_helper]: [DATABASE] Successfully saved 200 rows to database!

[2026-07-12 01:23:54] [INFO] [db_helper]: [DATABASE] Saving data to table 'raw_reviews'...
[2026-07-12 01:23:54] [INFO] [db_helper]: [DATABASE] Successfully saved 200 rows to database!

[2026-07-12 01:23:57] [INFO] [db_helper]: [DATABASE] Saving data to table 'raw_reviews'...
[2026-07-12 01:23:57] [INFO] [db_helper]: [DATABASE] Successfully saved 200 rows to database!

[2026-07-12 01:24:01] [INFO] [db_helper]: [DATABASE] Saving data to table 'raw_reviews'...
[2026-07-12 01:24:01] [INFO] [db_helper]: [DATABASE] Successfully saved 200 rows to database!

[2026-07-12 01:24:04] [INFO] [db_helper]: [DATABASE] Saving data to table 'raw_reviews'...
[2026-07-12 01:24:04] [INFO] [db_helper]: [DATABASE] Successfully saved 200 rows to database!

[2026-07-12 01:24:09] [INFO] [db_helper]: [DATABASE] Saving data to table 'raw_reviews'...
[2026-07-12 01:24:09] [INFO] [db_helper]: [DATABASE] Successfully saved 200 rows to database!

[2026-07-12 01:24:13] [INFO] [db_helper]: [DATABASE] Saving data to table 'raw_reviews'...
[2026-07-12 01:24:13] [INFO] [db_helper]: [DATABASE] Successfully saved 200 rows to database!

[2026-07-12 01:24:16] [INFO] [db_helper]: [DATABASE] Saving data to table 'raw_reviews'...
[2026-07-12 01:24:16] [INFO] [db_helper]: [DATABASE] Successfully saved 200 rows to database!

[2026-07-12 01:24:19] [INFO] [db_helper]: [DATABASE] Saving data to table 'raw_reviews'...
[2026-07-12 01:24:19] [INFO] [db_helper]: [DATABASE] Successfully saved 200 rows to database!

[2026-07-12 01:24:24] [INFO] [db_helper]: [DATABASE] Saving data to table 'raw_reviews'...
[2026-07-12 01:24:24] [INFO] [db_helper]: [DATABASE] Successfully saved 200 rows to database!

[2026-07-12 01:24:28] [INFO] [db_helper]: [DATABASE] Saving data to table 'raw_reviews'...
[2026-07-12 01:24:28] [INFO] [db_helper]: [DATABASE] Successfully saved 200 rows to database!

[2026-07-12 01:24:31] [INFO] [db_helper]: [DATABASE] Saving data to table 'raw_reviews'...
[2026-07-12 01:24:31] [INFO] [db_helper]: [DATABASE] Successfully saved 200 rows to database!

[2026-07-12 01:24:34] [INFO] [db_helper]: [DATABASE] Saving data to table 'raw_reviews'...
[2026-07-12 01:24:34] [INFO] [db_helper]: [DATABASE] Successfully saved 200 rows to database!

[2026-07-12 01:24:39] [INFO] [db_helper]: [DATABASE] Saving data to table 'raw_reviews'...
[2026-07-12 01:24:39] [INFO] [db_helper]: [DATABASE] Successfully saved 200 rows to database!

[2026-07-12 01:24:43] [INFO] [db_helper]: [DATABASE] Saving data to table 'raw_reviews'...
[2026-07-12 01:24:43] [INFO] [db_helper]: [DATABASE] Successfully saved 200 rows to database!

[2026-07-12 01:24:46] [INFO] [db_helper]: [DATABASE] Saving data to table 'raw_reviews'...
[2026-07-12 01:24:46] [INFO] [db_helper]: [DATABASE] Successfully saved 200 rows to database!

[2026-07-12 01:24:50] [INFO] [db_helper]: [DATABASE] Saving data to table 'raw_reviews'...
[2026-07-12 01:24:50] [INFO] [db_helper]: [DATABASE] Successfully saved 200 rows to database!

[2026-07-12 01:24:55] [INFO] [db_helper]: [DATABASE] Saving data to table 'raw_reviews'...
[2026-07-12 01:24:55] [INFO] [db_helper]: [DATABASE] Successfully saved 200 rows to database!

[2026-07-12 01:24:58] [INFO] [db_helper]: [DATABASE] Saving data to table 'raw_reviews'...
[2026-07-12 01:24:58] [INFO] [db_helper]: [DATABASE] Successfully saved 200 rows to database!

[2026-07-12 01:25:01] [INFO] [db_helper]: [DATABASE] Saving data to table 'raw_reviews'...
[2026-07-12 01:25:01] [INFO] [db_helper]: [DATABASE] Successfully saved 200 rows to database!

[2026-07-12 01:25:04] [INFO] [db_helper]: [DATABASE] Saving data to table 'raw_reviews'...
[2026-07-12 01:25:04] [INFO] [db_helper]: [DATABASE] Successfully saved 200 rows to database!

[2026-07-12 01:25:09] [INFO] [db_helper]: [DATABASE] Saving data to table 'raw_reviews'...
[2026-07-12 01:25:09] [INFO] [db_helper]: [DATABASE] Successfully saved 200 rows to database!

[2026-07-12 01:25:12] [INFO] [db_helper]: [DATABASE] Saving data to table 'raw_reviews'...
[2026-07-12 01:25:12] [INFO] [db_helper]: [DATABASE] Successfully saved 200 rows to database!

[2026-07-12 01:25:15] [INFO] [db_helper]: [DATABASE] Saving data to table 'raw_reviews'...
[2026-07-12 01:25:15] [INFO] [db_helper]: [DATABASE] Successfully saved 200 rows to database!

[2026-07-12 01:25:19] [INFO] [db_helper]: [DATABASE] Saving data to table 'raw_reviews'...
[2026-07-12 01:25:19] [INFO] [db_helper]: [DATABASE] Successfully saved 200 rows to database!

[2026-07-12 01:25:24] [INFO] [db_helper]: [DATABASE] Saving data to table 'raw_reviews'...
[2026-07-12 01:25:24] [INFO] [db_helper]: [DATABASE] Successfully saved 200 rows to database!

[2026-07-12 01:25:27] [INFO] [db_helper]: [DATABASE] Saving data to table 'raw_reviews'...
[2026-07-12 01:25:27] [INFO] [db_helper]: [DATABASE] Successfully saved 200 rows to database!

[2026-07-12 01:25:30] [INFO] [db_helper]: [DATABASE] Saving data to table 'raw_reviews'...
[2026-07-12 01:25:30] [INFO] [db_helper]: [DATABASE] Successfully saved 200 rows to database!

[2026-07-12 01:25:34] [INFO] [db_helper]: [DATABASE] Saving data to table 'raw_reviews'...
[2026-07-12 01:25:34] [INFO] [db_helper]: [DATABASE] Successfully saved 200 rows to database!

[2026-07-12 01:25:40] [INFO] [db_helper]: [DATABASE] Saving data to table 'raw_reviews'...
[2026-07-12 01:25:40] [INFO] [db_helper]: [DATABASE] Successfully saved 200 rows to database!

[2026-07-12 01:25:43] [INFO] [db_helper]: [DATABASE] Saving data to table 'raw_reviews'...
[2026-07-12 01:25:43] [INFO] [db_helper]: [DATABASE] Successfully saved 200 rows to database!

[2026-07-12 01:25:46] [INFO] [db_helper]: [DATABASE] Saving data to table 'raw_reviews'...
[2026-07-12 01:25:46] [INFO] [db_helper]: [DATABASE] Successfully saved 200 rows to database!

[2026-07-12 01:25:50] [INFO] [db_helper]: [DATABASE] Saving data to table 'raw_reviews'...
[2026-07-12 01:25:50] [INFO] [db_helper]: [DATABASE] Successfully saved 200 rows to database!

[2026-07-12 01:25:55] [INFO] [db_helper]: [DATABASE] Saving data to table 'raw_reviews'...
[2026-07-12 01:25:55] [INFO] [db_helper]: [DATABASE] Successfully saved 200 rows to database!

[2026-07-12 01:25:58] [INFO] [db_helper]: [DATABASE] Saving data to table 'raw_reviews'...
[2026-07-12 01:25:58] [INFO] [db_helper]: [DATABASE] Successfully saved 200 rows to database!

[2026-07-12 01:26:01] [INFO] [db_helper]: [DATABASE] Saving data to table 'raw_reviews'...
[2026-07-12 01:26:01] [INFO] [db_helper]: [DATABASE] Successfully saved 200 rows to database!

[2026-07-12 01:26:04] [INFO] [db_helper]: [DATABASE] Saving data to table 'raw_reviews'...
[2026-07-12 01:26:05] [INFO] [db_helper]: [DATABASE] Successfully saved 200 rows to database!

[2026-07-12 01:26:10] [INFO] [db_helper]: [DATABASE] Saving data to table 'raw_reviews'...
[2026-07-12 01:26:10] [INFO] [db_helper]: [DATABASE] Successfully saved 200 rows to database!

[2026-07-12 01:26:13] [INFO] [db_helper]: [DATABASE] Saving data to table 'raw_reviews'...
[2026-07-12 01:26:13] [INFO] [db_helper]: [DATABASE] Successfully saved 200 rows to database!

[2026-07-12 01:26:17] [INFO] [db_helper]: [DATABASE] Saving data to table 'raw_reviews'...
[2026-07-12 01:26:17] [INFO] [db_helper]: [DATABASE] Successfully saved 200 rows to database!

[2026-07-12 01:26:20] [INFO] [db_helper]: [DATABASE] Saving data to table 'raw_reviews'...
[2026-07-12 01:26:20] [INFO] [db_helper]: [DATABASE] Successfully saved 200 rows to database!

[2026-07-12 01:26:25] [INFO] [db_helper]: [DATABASE] Saving data to table 'raw_reviews'...
[2026-07-12 01:26:25] [INFO] [db_helper]: [DATABASE] Successfully saved 200 rows to database!

[2026-07-12 01:26:28] [INFO] [db_helper]: [DATABASE] Saving data to table 'raw_reviews'...
[2026-07-12 01:26:28] [INFO] [db_helper]: [DATABASE] Successfully saved 200 rows to database!

[2026-07-12 01:26:32] [INFO] [db_helper]: [DATABASE] Saving data to table 'raw_reviews'...
[2026-07-12 01:26:32] [INFO] [db_helper]: [DATABASE] Successfully saved 200 rows to database!

[2026-07-12 01:26:35] [INFO] [db_helper]: [DATABASE] Saving data to table 'raw_reviews'...
[2026-07-12 01:26:36] [INFO] [db_helper]: [DATABASE] Successfully saved 200 rows to database!

[2026-07-12 01:26:41] [INFO] [db_helper]: [DATABASE] Saving data to table 'raw_reviews'...
[2026-07-12 01:26:41] [INFO] [db_helper]: [DATABASE] Successfully saved 200 rows to database!

[2026-07-12 01:26:43] [INFO] [db_helper]: [DATABASE] Saving data to table 'raw_reviews'...
[2026-07-12 01:26:43] [INFO] [db_helper]: [DATABASE] Successfully saved 16 rows to database!

[2026-07-12 01:26:47] [INFO] [db_helper]: [DATABASE] Saving data to table 'raw_reviews'...
[2026-07-12 01:26:47] [INFO] [db_helper]: [DATABASE] Successfully saved 200 rows to database!

[2026-07-12 01:26:50] [INFO] [db_helper]: [DATABASE] Saving data to table 'raw_reviews'...
[2026-07-12 01:26:50] [INFO] [db_helper]: [DATABASE] Successfully saved 200 rows to database!

[2026-07-12 01:26:55] [INFO] [db_helper]: [DATABASE] Saving data to table 'raw_reviews'...
[2026-07-12 01:26:55] [INFO] [db_helper]: [DATABASE] Successfully saved 200 rows to database!

[2026-07-12 01:26:58] [INFO] [db_helper]: [DATABASE] Saving data to table 'raw_reviews'...
[2026-07-12 01:26:58] [INFO] [db_helper]: [DATABASE] Successfully saved 200 rows to database!

[2026-07-12 01:27:01] [INFO] [db_helper]: [DATABASE] Saving data to table 'raw_reviews'...
[2026-07-12 01:27:01] [INFO] [db_helper]: [DATABASE] Successfully saved 200 rows to database!

[2026-07-12 01:27:05] [INFO] [db_helper]: [DATABASE] Saving data to table 'raw_reviews'...
[2026-07-12 01:27:05] [INFO] [db_helper]: [DATABASE] Successfully saved 200 rows to database!

[2026-07-12 01:27:09] [INFO] [db_helper]: [DATABASE] Saving data to table 'raw_reviews'...
[2026-07-12 01:27:09] [INFO] [db_helper]: [DATABASE] Successfully saved 200 rows to database!

[2026-07-12 01:27:13] [INFO] [db_helper]: [DATABASE] Saving data to table 'raw_reviews'...
[2026-07-12 01:27:13] [INFO] [db_helper]: [DATABASE] Successfully saved 200 rows to database!

[2026-07-12 01:27:16] [INFO] [db_helper]: [DATABASE] Saving data to table 'raw_reviews'...
[2026-07-12 01:27:17] [INFO] [db_helper]: [DATABASE] Successfully saved 200 rows to database!

[2026-07-12 01:27:21] [INFO] [db_helper]: [DATABASE] Saving data to table 'raw_reviews'...
[2026-07-12 01:27:21] [INFO] [db_helper]: [DATABASE] Successfully saved 200 rows to database!

[2026-07-12 01:27:26] [INFO] [db_helper]: [DATABASE] Saving data to table 'raw_reviews'...
[2026-07-12 01:27:26] [INFO] [db_helper]: [DATABASE] Successfully saved 200 rows to database!

[2026-07-12 01:27:30] [INFO] [db_helper]: [DATABASE] Saving data to table 'raw_reviews'...
[2026-07-12 01:27:30] [INFO] [db_helper]: [DATABASE] Successfully saved 200 rows to database!

[2026-07-12 01:27:34] [INFO] [db_helper]: [DATABASE] Saving data to table 'raw_reviews'...
[2026-07-12 01:27:34] [INFO] [db_helper]: [DATABASE] Successfully saved 200 rows to database!

[2026-07-12 01:27:39] [INFO] [db_helper]: [DATABASE] Saving data to table 'raw_reviews'...
[2026-07-12 01:27:39] [INFO] [db_helper]: [DATABASE] Successfully saved 200 rows to database!

[2026-07-12 01:27:42] [INFO] [db_helper]: [DATABASE] Saving data to table 'raw_reviews'...
[2026-07-12 01:27:42] [INFO] [db_helper]: [DATABASE] Successfully saved 200 rows to database!

[2026-07-12 01:27:45] [INFO] [db_helper]: [DATABASE] Saving data to table 'raw_reviews'...
[2026-07-12 01:27:45] [INFO] [db_helper]: [DATABASE] Successfully saved 200 rows to database!

[2026-07-12 01:27:49] [INFO] [db_helper]: [DATABASE] Saving data to table 'raw_reviews'...
[2026-07-12 01:27:49] [INFO] [db_helper]: [DATABASE] Successfully saved 200 rows to database!

[2026-07-12 01:27:52] [INFO] [db_helper]: [DATABASE] Saving data to table 'raw_reviews'...
[2026-07-12 01:27:52] [INFO] [db_helper]: [DATABASE] Successfully saved 200 rows to database!

[2026-07-12 01:27:57] [INFO] [db_helper]: [DATABASE] Saving data to table 'raw_reviews'...
[2026-07-12 01:27:57] [INFO] [db_helper]: [DATABASE] Successfully saved 200 rows to database!

[2026-07-12 01:28:01] [INFO] [db_helper]: [DATABASE] Saving data to table 'raw_reviews'...
[2026-07-12 01:28:01] [INFO] [db_helper]: [DATABASE] Successfully saved 200 rows to database!

[2026-07-12 01:28:04] [INFO] [db_helper]: [DATABASE] Saving data to table 'raw_reviews'...
[2026-07-12 01:28:04] [INFO] [db_helper]: [DATABASE] Successfully saved 200 rows to database!

[2026-07-12 01:28:09] [INFO] [db_helper]: [DATABASE] Saving data to table 'raw_reviews'...
[2026-07-12 01:28:09] [INFO] [db_helper]: [DATABASE] Successfully saved 200 rows to database!

[2026-07-12 01:28:12] [INFO] [db_helper]: [DATABASE] Saving data to table 'raw_reviews'...
[2026-07-12 01:28:12] [INFO] [db_helper]: [DATABASE] Successfully saved 200 rows to database!

[2026-07-12 01:28:16] [INFO] [db_helper]: [DATABASE] Saving data to table 'raw_reviews'...
[2026-07-12 01:28:16] [INFO] [db_helper]: [DATABASE] Successfully saved 200 rows to database!

[2026-07-12 01:28:19] [INFO] [db_helper]: [DATABASE] Saving data to table 'raw_reviews'...
[2026-07-12 01:28:19] [INFO] [db_helper]: [DATABASE] Successfully saved 200 rows to database!

[2026-07-12 01:28:22] [INFO] [db_helper]: [DATABASE] Saving data to table 'raw_reviews'...
[2026-07-12 01:28:22] [INFO] [db_helper]: [DATABASE] Successfully saved 200 rows to database!

[2026-07-12 01:28:27] [INFO] [db_helper]: [DATABASE] Saving data to table 'raw_reviews'...
[2026-07-12 01:28:27] [INFO] [db_helper]: [DATABASE] Successfully saved 200 rows to database!

[2026-07-12 01:28:30] [INFO] [db_helper]: [DATABASE] Saving data to table 'raw_reviews'...
[2026-07-12 01:28:30] [INFO] [db_helper]: [DATABASE] Successfully saved 200 rows to database!

[2026-07-12 01:28:33] [INFO] [db_helper]: [DATABASE] Saving data to table 'raw_reviews'...
[2026-07-12 01:28:33] [INFO] [db_helper]: [DATABASE] Successfully saved 200 rows to database!

[2026-07-12 01:28:37] [INFO] [db_helper]: [DATABASE] Saving data to table 'raw_reviews'...
[2026-07-12 01:28:37] [INFO] [db_helper]: [DATABASE] Successfully saved 200 rows to database!

[2026-07-12 01:28:42] [INFO] [db_helper]: [DATABASE] Saving data to table 'raw_reviews'...
[2026-07-12 01:28:42] [INFO] [db_helper]: [DATABASE] Successfully saved 200 rows to database!

[2026-07-12 01:28:45] [INFO] [db_helper]: [DATABASE] Saving data to table 'raw_reviews'...
[2026-07-12 01:28:45] [INFO] [db_helper]: [DATABASE] Successfully saved 200 rows to database!

[2026-07-12 01:28:48] [INFO] [db_helper]: [DATABASE] Saving data to table 'raw_reviews'...
[2026-07-12 01:28:48] [INFO] [db_helper]: [DATABASE] Successfully saved 200 rows to database!

[2026-07-12 01:28:54] [INFO] [db_helper]: [DATABASE] Saving data to table 'raw_reviews'...
[2026-07-12 01:28:54] [INFO] [db_helper]: [DATABASE] Successfully saved 200 rows to database!

[2026-07-12 01:28:58] [INFO] [db_helper]: [DATABASE] Saving data to table 'raw_reviews'...
[2026-07-12 01:28:58] [INFO] [db_helper]: [DATABASE] Successfully saved 200 rows to database!

[2026-07-12 01:29:01] [INFO] [db_helper]: [DATABASE] Saving data to table 'raw_reviews'...
[2026-07-12 01:29:01] [INFO] [db_helper]: [DATABASE] Successfully saved 200 rows to database!

[2026-07-12 01:29:04] [INFO] [db_helper]: [DATABASE] Saving data to table 'raw_reviews'...
[2026-07-12 01:29:04] [INFO] [db_helper]: [DATABASE] Successfully saved 200 rows to database!

[2026-07-12 01:29:07] [INFO] [db_helper]: [DATABASE] Saving data to table 'raw_reviews'...
[2026-07-12 01:29:07] [INFO] [db_helper]: [DATABASE] Successfully saved 200 rows to database!

[2026-07-12 01:29:12] [INFO] [db_helper]: [DATABASE] Saving data to table 'raw_reviews'...
[2026-07-12 01:29:12] [INFO] [db_helper]: [DATABASE] Successfully saved 200 rows to database!

[2026-07-12 01:29:15] [INFO] [db_helper]: [DATABASE] Saving data to table 'raw_reviews'...
[2026-07-12 01:29:15] [INFO] [db_helper]: [DATABASE] Successfully saved 200 rows to database!

[2026-07-12 01:29:19] [INFO] [db_helper]: [DATABASE] Saving data to table 'raw_reviews'...
[2026-07-12 01:29:19] [INFO] [db_helper]: [DATABASE] Successfully saved 200 rows to database!

[2026-07-12 01:29:25] [INFO] [db_helper]: [DATABASE] Saving data to table 'raw_reviews'...
[2026-07-12 01:29:25] [INFO] [db_helper]: [DATABASE] Successfully saved 200 rows to database!

[2026-07-12 01:29:29] [INFO] [db_helper]: [DATABASE] Saving data to table 'raw_reviews'...
[2026-07-12 01:29:29] [INFO] [db_helper]: [DATABASE] Successfully saved 181 rows to database!

[2026-07-12 01:29:32] [INFO] [db_helper]: [DATABASE] Saving data to table 'raw_reviews'...
[2026-07-12 01:29:32] [INFO] [db_helper]: [DATABASE] Successfully saved 200 rows to database!

[2026-07-12 01:29:36] [INFO] [db_helper]: [DATABASE] Saving data to table 'raw_reviews'...
[2026-07-12 01:29:36] [INFO] [db_helper]: [DATABASE] Successfully saved 200 rows to database!

[2026-07-12 01:29:40] [INFO] [db_helper]: [DATABASE] Saving data to table 'raw_reviews'...
[2026-07-12 01:29:40] [INFO] [db_helper]: [DATABASE] Successfully saved 200 rows to database!

[2026-07-12 01:29:44] [INFO] [db_helper]: [DATABASE] Saving data to table 'raw_reviews'...
[2026-07-12 01:29:44] [INFO] [db_helper]: [DATABASE] Successfully saved 200 rows to database!

[2026-07-12 01:29:48] [INFO] [db_helper]: [DATABASE] Saving data to table 'raw_reviews'...
[2026-07-12 01:29:48] [INFO] [db_helper]: [DATABASE] Successfully saved 200 rows to database!

[2026-07-12 01:29:51] [INFO] [db_helper]: [DATABASE] Saving data to table 'raw_reviews'...
[2026-07-12 01:29:51] [INFO] [db_helper]: [DATABASE] Successfully saved 200 rows to database!

[2026-07-12 01:29:56] [INFO] [db_helper]: [DATABASE] Saving data to table 'raw_reviews'...
[2026-07-12 01:29:56] [INFO] [db_helper]: [DATABASE] Successfully saved 200 rows to database!

[2026-07-12 01:30:00] [INFO] [db_helper]: [DATABASE] Saving data to table 'raw_reviews'...
[2026-07-12 01:30:00] [INFO] [db_helper]: [DATABASE] Successfully saved 200 rows to database!

[2026-07-12 01:30:03] [INFO] [db_helper]: [DATABASE] Saving data to table 'raw_reviews'...
[2026-07-12 01:30:03] [INFO] [db_helper]: [DATABASE] Successfully saved 200 rows to database!

[2026-07-12 01:30:07] [INFO] [db_helper]: [DATABASE] Saving data to table 'raw_reviews'...
[2026-07-12 01:30:07] [INFO] [db_helper]: [DATABASE] Successfully saved 200 rows to database!

[2026-07-12 01:30:14] [INFO] [db_helper]: [DATABASE] Saving data to table 'raw_reviews'...
[2026-07-12 01:30:14] [INFO] [db_helper]: [DATABASE] Successfully saved 298 rows to database!

[2026-07-12 01:30:17] [INFO] [db_helper]: [DATABASE] Saving data to table 'raw_reviews'...
[2026-07-12 01:30:17] [INFO] [db_helper]: [DATABASE] Successfully saved 200 rows to database!

[2026-07-12 01:30:21] [INFO] [db_helper]: [DATABASE] Saving data to table 'raw_reviews'...
[2026-07-12 01:30:21] [INFO] [db_helper]: [DATABASE] Successfully saved 200 rows to database!

[2026-07-12 01:30:26] [INFO] [db_helper]: [DATABASE] Saving data to table 'raw_reviews'...
[2026-07-12 01:30:26] [INFO] [db_helper]: [DATABASE] Successfully saved 200 rows to database!

[2026-07-12 01:30:35] [INFO] [db_helper]: [DATABASE] Executing query...
[2026-07-12 01:30:35] [INFO] [db_helper]: [DATABASE] Successfully loaded 950 rows!
[2026-07-12 01:30:35] [INFO] [db_helper]: [DATABASE] Saving data to table 'cleaned_games'...
[2026-07-12 01:30:35] [INFO] [db_helper]: [DATABASE] Successfully saved 106 rows to database!

[2026-07-12 01:30:35] [INFO] [db_helper]: [DATABASE] Executing query...
[2026-07-12 01:30:37] [INFO] [db_helper]: [DATABASE] Successfully loaded 238952 rows!
[2026-07-12 01:30:38] [INFO] [db_helper]: [DATABASE] Saving data to table 'cleaned_reviews'...
[2026-07-12 01:30:40] [INFO] [db_helper]: [DATABASE] Successfully saved 82006 rows to database!

[2026-07-12 01:30:59] [INFO] [db_helper]: [DATABASE] Executing query...
[2026-07-12 01:30:59] [INFO] [db_helper]: [DATABASE] Successfully loaded 10000 rows!
[2026-07-12 01:31:14] [INFO] [db_helper]: [DATABASE] Executing query...
[2026-07-12 01:31:14] [INFO] [db_helper]: [DATABASE] Successfully loaded 10000 rows!
[2026-07-12 01:31:51] [INFO] [db_helper]: [DATABASE] Executing query...
[2026-07-12 01:31:51] [INFO] [db_helper]: [DATABASE] Executing query...
[2026-07-12 01:31:51] [INFO] [db_helper]: [DATABASE] Successfully loaded 1 rows!
[2026-07-12 01:31:51] [INFO] [db_helper]: [DATABASE] Executing query...
[2026-07-12 01:31:51] [INFO] [db_helper]: [DATABASE] Successfully loaded 1 rows!
[2026-07-12 01:31:51] [INFO] [db_helper]: [DATABASE] Executing query...
[2026-07-12 01:31:51] [INFO] [db_helper]: [DATABASE] Successfully loaded 3 rows!
[2026-07-12 01:31:52] [INFO] [db_helper]: [DATABASE] Successfully loaded 106 rows!
[2026-07-12 01:31:52] [INFO] [db_helper]: [DATABASE] Executing query...
[2026-07-12 01:31:53] [INFO] [db_helper]: [DATABASE] Successfully loaded 3099 rows!
[2026-07-12 01:32:11] [INFO] [db_helper]: [DATABASE] Executing query...
[2026-07-12 01:32:11] [INFO] [db_helper]: [DATABASE] Successfully loaded 3000 rows!
[2026-07-12 01:32:17] [INFO] [db_helper]: [DATABASE] Executing query...
[2026-07-12 01:32:18] [INFO] [db_helper]: [DATABASE] Successfully loaded 3000 rows!
[2026-07-12 01:32:23] [INFO] [db_helper]: [DATABASE] Executing query...
[2026-07-12 01:32:23] [INFO] [db_helper]: [DATABASE] Successfully loaded 2800 rows!
[2026-07-12 01:32:33] [INFO] [db_helper]: [DATABASE] Executing query...
[2026-07-12 01:32:33] [INFO] [db_helper]: [DATABASE] Successfully loaded 2699 rows!
[2026-07-12 01:33:25] [INFO] [db_helper]: [DATABASE] Executing query...
[2026-07-12 01:33:25] [INFO] [db_helper]: [DATABASE] Successfully loaded 3297 rows!
[2026-07-12 01:34:04] [INFO] [db_helper]: [DATABASE] Executing query...
[2026-07-12 01:34:04] [INFO] [db_helper]: [DATABASE] Successfully loaded 1600 rows!
[2026-07-12 01:34:29] [INFO] [db_helper]: [DATABASE] Executing query...
[2026-07-12 01:34:30] [INFO] [db_helper]: [DATABASE] Successfully loaded 3000 rows!
[2026-07-12 01:34:37] [INFO] [db_helper]: [DATABASE] Executing query...
[2026-07-12 01:34:37] [INFO] [db_helper]: [DATABASE] Successfully loaded 3000 rows!
[2026-07-12 15:14:12] [INFO] [db_helper]: [DATABASE] Saving data to table 'raw_games'...
[2026-07-12 15:14:12] [INFO] [db_helper]: [DATABASE] Successfully saved 50 rows to database!

[2026-07-12 15:14:13] [INFO] [db_helper]: [DATABASE] Executing query...
[2026-07-12 15:14:13] [INFO] [db_helper]: [DATABASE] Successfully loaded 108 rows!
[2026-07-12 15:14:17] [INFO] [db_helper]: [DATABASE] Saving data to table 'raw_reviews'...
[2026-07-12 15:14:17] [INFO] [db_helper]: [DATABASE] Successfully saved 200 rows to database!

[2026-07-12 15:14:21] [INFO] [db_helper]: [DATABASE] Saving data to table 'raw_reviews'...
[2026-07-12 15:14:21] [INFO] [db_helper]: [DATABASE] Successfully saved 200 rows to database!

[2026-07-12 15:14:24] [INFO] [db_helper]: [DATABASE] Saving data to table 'raw_reviews'...
[2026-07-12 15:14:24] [INFO] [db_helper]: [DATABASE] Successfully saved 200 rows to database!

[2026-07-12 15:14:29] [INFO] [db_helper]: [DATABASE] Saving data to table 'raw_reviews'...
[2026-07-12 15:14:29] [INFO] [db_helper]: [DATABASE] Successfully saved 200 rows to database!

[2026-07-12 15:14:33] [INFO] [db_helper]: [DATABASE] Saving data to table 'raw_reviews'...
[2026-07-12 15:14:33] [INFO] [db_helper]: [DATABASE] Successfully saved 200 rows to database!

[2026-07-12 15:14:36] [INFO] [db_helper]: [DATABASE] Saving data to table 'raw_reviews'...
[2026-07-12 15:14:36] [INFO] [db_helper]: [DATABASE] Successfully saved 200 rows to database!

[2026-07-12 15:14:40] [INFO] [db_helper]: [DATABASE] Saving data to table 'raw_reviews'...
[2026-07-12 15:14:40] [INFO] [db_helper]: [DATABASE] Successfully saved 200 rows to database!

[2026-07-12 15:14:43] [INFO] [db_helper]: [DATABASE] Saving data to table 'raw_reviews'...
[2026-07-12 15:14:43] [INFO] [db_helper]: [DATABASE] Successfully saved 200 rows to database!

[2026-07-12 15:14:47] [INFO] [db_helper]: [DATABASE] Saving data to table 'raw_reviews'...
[2026-07-12 15:14:47] [INFO] [db_helper]: [DATABASE] Successfully saved 200 rows to database!

[2026-07-12 15:14:50] [INFO] [db_helper]: [DATABASE] Saving data to table 'raw_reviews'...
[2026-07-12 15:14:50] [INFO] [db_helper]: [DATABASE] Successfully saved 200 rows to database!

[2026-07-12 15:14:54] [INFO] [db_helper]: [DATABASE] Saving data to table 'raw_reviews'...
[2026-07-12 15:14:54] [INFO] [db_helper]: [DATABASE] Successfully saved 200 rows to database!

[2026-07-12 15:14:57] [INFO] [db_helper]: [DATABASE] Saving data to table 'raw_reviews'...
[2026-07-12 15:14:57] [INFO] [db_helper]: [DATABASE] Successfully saved 200 rows to database!

[2026-07-12 15:15:01] [INFO] [db_helper]: [DATABASE] Saving data to table 'raw_reviews'...
[2026-07-12 15:15:01] [INFO] [db_helper]: [DATABASE] Successfully saved 200 rows to database!

[2026-07-12 15:15:04] [INFO] [db_helper]: [DATABASE] Saving data to table 'raw_reviews'...
[2026-07-12 15:15:04] [INFO] [db_helper]: [DATABASE] Successfully saved 200 rows to database!

[2026-07-12 15:15:07] [INFO] [db_helper]: [DATABASE] Saving data to table 'raw_reviews'...
[2026-07-12 15:15:07] [INFO] [db_helper]: [DATABASE] Successfully saved 200 rows to database!

[2026-07-12 15:15:11] [INFO] [db_helper]: [DATABASE] Saving data to table 'raw_reviews'...
[2026-07-12 15:15:11] [INFO] [db_helper]: [DATABASE] Successfully saved 200 rows to database!

[2026-07-12 15:15:14] [INFO] [db_helper]: [DATABASE] Saving data to table 'raw_reviews'...
[2026-07-12 15:15:15] [INFO] [db_helper]: [DATABASE] Successfully saved 200 rows to database!

[2026-07-12 15:15:18] [INFO] [db_helper]: [DATABASE] Saving data to table 'raw_reviews'...
[2026-07-12 15:15:18] [INFO] [db_helper]: [DATABASE] Successfully saved 200 rows to database!

[2026-07-12 15:15:22] [INFO] [db_helper]: [DATABASE] Saving data to table 'raw_reviews'...
[2026-07-12 15:15:22] [INFO] [db_helper]: [DATABASE] Successfully saved 200 rows to database!

[2026-07-12 15:15:25] [INFO] [db_helper]: [DATABASE] Saving data to table 'raw_reviews'...
[2026-07-12 15:15:25] [INFO] [db_helper]: [DATABASE] Successfully saved 200 rows to database!

[2026-07-12 15:15:29] [INFO] [db_helper]: [DATABASE] Saving data to table 'raw_reviews'...
[2026-07-12 15:15:29] [INFO] [db_helper]: [DATABASE] Successfully saved 200 rows to database!

[2026-07-12 15:15:32] [INFO] [db_helper]: [DATABASE] Saving data to table 'raw_reviews'...
[2026-07-12 15:15:32] [INFO] [db_helper]: [DATABASE] Successfully saved 200 rows to database!

[2026-07-12 15:15:36] [INFO] [db_helper]: [DATABASE] Saving data to table 'raw_reviews'...
[2026-07-12 15:15:36] [INFO] [db_helper]: [DATABASE] Successfully saved 200 rows to database!

[2026-07-12 15:15:39] [INFO] [db_helper]: [DATABASE] Saving data to table 'raw_reviews'...
[2026-07-12 15:15:39] [INFO] [db_helper]: [DATABASE] Successfully saved 200 rows to database!

[2026-07-12 15:15:42] [INFO] [db_helper]: [DATABASE] Saving data to table 'raw_reviews'...
[2026-07-12 15:15:42] [INFO] [db_helper]: [DATABASE] Successfully saved 200 rows to database!

[2026-07-12 15:15:45] [INFO] [db_helper]: [DATABASE] Saving data to table 'raw_reviews'...
[2026-07-12 15:15:45] [INFO] [db_helper]: [DATABASE] Successfully saved 200 rows to database!

[2026-07-12 15:15:49] [INFO] [db_helper]: [DATABASE] Saving data to table 'raw_reviews'...
[2026-07-12 15:15:49] [INFO] [db_helper]: [DATABASE] Successfully saved 200 rows to database!

[2026-07-12 15:15:52] [INFO] [db_helper]: [DATABASE] Saving data to table 'raw_reviews'...
[2026-07-12 15:15:52] [INFO] [db_helper]: [DATABASE] Successfully saved 200 rows to database!

[2026-07-12 15:15:56] [INFO] [db_helper]: [DATABASE] Saving data to table 'raw_reviews'...
[2026-07-12 15:15:56] [INFO] [db_helper]: [DATABASE] Successfully saved 200 rows to database!

[2026-07-12 15:15:59] [INFO] [db_helper]: [DATABASE] Saving data to table 'raw_reviews'...
[2026-07-12 15:15:59] [INFO] [db_helper]: [DATABASE] Successfully saved 200 rows to database!

[2026-07-12 15:16:03] [INFO] [db_helper]: [DATABASE] Saving data to table 'raw_reviews'...
[2026-07-12 15:16:03] [INFO] [db_helper]: [DATABASE] Successfully saved 200 rows to database!

[2026-07-12 15:16:08] [INFO] [db_helper]: [DATABASE] Saving data to table 'raw_reviews'...
[2026-07-12 15:16:08] [INFO] [db_helper]: [DATABASE] Successfully saved 200 rows to database!

[2026-07-12 15:16:11] [INFO] [db_helper]: [DATABASE] Saving data to table 'raw_reviews'...
[2026-07-12 15:16:11] [INFO] [db_helper]: [DATABASE] Successfully saved 200 rows to database!

[2026-07-12 15:16:15] [INFO] [db_helper]: [DATABASE] Saving data to table 'raw_reviews'...
[2026-07-12 15:16:15] [INFO] [db_helper]: [DATABASE] Successfully saved 200 rows to database!

[2026-07-12 15:16:18] [INFO] [db_helper]: [DATABASE] Saving data to table 'raw_reviews'...
[2026-07-12 15:16:18] [INFO] [db_helper]: [DATABASE] Successfully saved 200 rows to database!

[2026-07-12 15:16:22] [INFO] [db_helper]: [DATABASE] Saving data to table 'raw_reviews'...
[2026-07-12 15:16:22] [INFO] [db_helper]: [DATABASE] Successfully saved 200 rows to database!

[2026-07-12 15:16:25] [INFO] [db_helper]: [DATABASE] Saving data to table 'raw_reviews'...
[2026-07-12 15:16:25] [INFO] [db_helper]: [DATABASE] Successfully saved 200 rows to database!

[2026-07-12 15:16:30] [INFO] [db_helper]: [DATABASE] Saving data to table 'raw_reviews'...
[2026-07-12 15:16:30] [INFO] [db_helper]: [DATABASE] Successfully saved 200 rows to database!

[2026-07-12 15:16:33] [INFO] [db_helper]: [DATABASE] Saving data to table 'raw_reviews'...
[2026-07-12 15:16:33] [INFO] [db_helper]: [DATABASE] Successfully saved 200 rows to database!

[2026-07-12 15:16:37] [INFO] [db_helper]: [DATABASE] Saving data to table 'raw_reviews'...
[2026-07-12 15:16:37] [INFO] [db_helper]: [DATABASE] Successfully saved 200 rows to database!

[2026-07-12 15:16:40] [INFO] [db_helper]: [DATABASE] Saving data to table 'raw_reviews'...
[2026-07-12 15:16:40] [INFO] [db_helper]: [DATABASE] Successfully saved 200 rows to database!

[2026-07-12 15:16:44] [INFO] [db_helper]: [DATABASE] Saving data to table 'raw_reviews'...
[2026-07-12 15:16:44] [INFO] [db_helper]: [DATABASE] Successfully saved 200 rows to database!

[2026-07-12 15:16:47] [INFO] [db_helper]: [DATABASE] Saving data to table 'raw_reviews'...
[2026-07-12 15:16:47] [INFO] [db_helper]: [DATABASE] Successfully saved 200 rows to database!

[2026-07-12 15:16:51] [INFO] [db_helper]: [DATABASE] Saving data to table 'raw_reviews'...
[2026-07-12 15:16:51] [INFO] [db_helper]: [DATABASE] Successfully saved 200 rows to database!

[2026-07-12 15:16:54] [INFO] [db_helper]: [DATABASE] Saving data to table 'raw_reviews'...
[2026-07-12 15:16:54] [INFO] [db_helper]: [DATABASE] Successfully saved 200 rows to database!

[2026-07-12 15:16:57] [INFO] [db_helper]: [DATABASE] Saving data to table 'raw_reviews'...
[2026-07-12 15:16:57] [INFO] [db_helper]: [DATABASE] Successfully saved 200 rows to database!

[2026-07-12 15:17:01] [INFO] [db_helper]: [DATABASE] Saving data to table 'raw_reviews'...
[2026-07-12 15:17:01] [INFO] [db_helper]: [DATABASE] Successfully saved 200 rows to database!

[2026-07-12 15:17:04] [INFO] [db_helper]: [DATABASE] Saving data to table 'raw_reviews'...
[2026-07-12 15:17:04] [INFO] [db_helper]: [DATABASE] Successfully saved 200 rows to database!

[2026-07-12 15:17:08] [INFO] [db_helper]: [DATABASE] Saving data to table 'raw_reviews'...
[2026-07-12 15:17:08] [INFO] [db_helper]: [DATABASE] Successfully saved 200 rows to database!

[2026-07-12 15:17:10] [INFO] [db_helper]: [DATABASE] Saving data to table 'raw_reviews'...
[2026-07-12 15:17:10] [INFO] [db_helper]: [DATABASE] Successfully saved 16 rows to database!

[2026-07-12 15:17:13] [INFO] [db_helper]: [DATABASE] Saving data to table 'raw_reviews'...
[2026-07-12 15:17:13] [INFO] [db_helper]: [DATABASE] Successfully saved 200 rows to database!

[2026-07-12 15:17:16] [INFO] [db_helper]: [DATABASE] Saving data to table 'raw_reviews'...
[2026-07-12 15:17:16] [INFO] [db_helper]: [DATABASE] Successfully saved 200 rows to database!

[2026-07-12 15:17:20] [INFO] [db_helper]: [DATABASE] Saving data to table 'raw_reviews'...
[2026-07-12 15:17:20] [INFO] [db_helper]: [DATABASE] Successfully saved 200 rows to database!

[2026-07-12 15:17:23] [INFO] [db_helper]: [DATABASE] Saving data to table 'raw_reviews'...
[2026-07-12 15:17:23] [INFO] [db_helper]: [DATABASE] Successfully saved 200 rows to database!

[2026-07-12 15:17:27] [INFO] [db_helper]: [DATABASE] Saving data to table 'raw_reviews'...
[2026-07-12 15:17:27] [INFO] [db_helper]: [DATABASE] Successfully saved 200 rows to database!

[2026-07-12 15:17:32] [INFO] [db_helper]: [DATABASE] Saving data to table 'raw_reviews'...
[2026-07-12 15:17:32] [INFO] [db_helper]: [DATABASE] Successfully saved 200 rows to database!

[2026-07-12 15:17:35] [INFO] [db_helper]: [DATABASE] Saving data to table 'raw_reviews'...
[2026-07-12 15:17:35] [INFO] [db_helper]: [DATABASE] Successfully saved 200 rows to database!

[2026-07-12 15:17:39] [INFO] [db_helper]: [DATABASE] Saving data to table 'raw_reviews'...
[2026-07-12 15:17:39] [INFO] [db_helper]: [DATABASE] Successfully saved 200 rows to database!

[2026-07-12 15:17:42] [INFO] [db_helper]: [DATABASE] Saving data to table 'raw_reviews'...
[2026-07-12 15:17:42] [INFO] [db_helper]: [DATABASE] Successfully saved 200 rows to database!

[2026-07-12 15:17:45] [INFO] [db_helper]: [DATABASE] Saving data to table 'raw_reviews'...
[2026-07-12 15:17:45] [INFO] [db_helper]: [DATABASE] Successfully saved 200 rows to database!

[2026-07-12 15:17:49] [INFO] [db_helper]: [DATABASE] Saving data to table 'raw_reviews'...
[2026-07-12 15:17:49] [INFO] [db_helper]: [DATABASE] Successfully saved 200 rows to database!

[2026-07-12 15:17:52] [INFO] [db_helper]: [DATABASE] Saving data to table 'raw_reviews'...
[2026-07-12 15:17:52] [INFO] [db_helper]: [DATABASE] Successfully saved 200 rows to database!

[2026-07-12 15:17:56] [INFO] [db_helper]: [DATABASE] Saving data to table 'raw_reviews'...
[2026-07-12 15:17:56] [INFO] [db_helper]: [DATABASE] Successfully saved 200 rows to database!

[2026-07-12 15:17:59] [INFO] [db_helper]: [DATABASE] Saving data to table 'raw_reviews'...
[2026-07-12 15:17:59] [INFO] [db_helper]: [DATABASE] Successfully saved 200 rows to database!

[2026-07-12 15:18:02] [INFO] [db_helper]: [DATABASE] Saving data to table 'raw_reviews'...
[2026-07-12 15:18:02] [INFO] [db_helper]: [DATABASE] Successfully saved 200 rows to database!

[2026-07-12 15:18:06] [INFO] [db_helper]: [DATABASE] Saving data to table 'raw_reviews'...
[2026-07-12 15:18:06] [INFO] [db_helper]: [DATABASE] Successfully saved 200 rows to database!

[2026-07-12 15:18:09] [INFO] [db_helper]: [DATABASE] Saving data to table 'raw_reviews'...
[2026-07-12 15:18:09] [INFO] [db_helper]: [DATABASE] Successfully saved 200 rows to database!

[2026-07-12 15:18:12] [INFO] [db_helper]: [DATABASE] Saving data to table 'raw_reviews'...
[2026-07-12 15:18:13] [INFO] [db_helper]: [DATABASE] Successfully saved 200 rows to database!

[2026-07-12 15:18:16] [INFO] [db_helper]: [DATABASE] Saving data to table 'raw_reviews'...
[2026-07-12 15:18:16] [INFO] [db_helper]: [DATABASE] Successfully saved 200 rows to database!

[2026-07-12 15:18:20] [INFO] [db_helper]: [DATABASE] Saving data to table 'raw_reviews'...
[2026-07-12 15:18:20] [INFO] [db_helper]: [DATABASE] Successfully saved 200 rows to database!

[2026-07-12 15:18:23] [INFO] [db_helper]: [DATABASE] Saving data to table 'raw_reviews'...
[2026-07-12 15:18:23] [INFO] [db_helper]: [DATABASE] Successfully saved 200 rows to database!

[2026-07-12 15:18:26] [INFO] [db_helper]: [DATABASE] Saving data to table 'raw_reviews'...
[2026-07-12 15:18:26] [INFO] [db_helper]: [DATABASE] Successfully saved 200 rows to database!

[2026-07-12 15:18:30] [INFO] [db_helper]: [DATABASE] Saving data to table 'raw_reviews'...
[2026-07-12 15:18:30] [INFO] [db_helper]: [DATABASE] Successfully saved 200 rows to database!

[2026-07-12 15:18:33] [INFO] [db_helper]: [DATABASE] Saving data to table 'raw_reviews'...
[2026-07-12 15:18:33] [INFO] [db_helper]: [DATABASE] Successfully saved 200 rows to database!

[2026-07-12 15:18:37] [INFO] [db_helper]: [DATABASE] Saving data to table 'raw_reviews'...
[2026-07-12 15:18:37] [INFO] [db_helper]: [DATABASE] Successfully saved 200 rows to database!

[2026-07-12 15:18:40] [INFO] [db_helper]: [DATABASE] Saving data to table 'raw_reviews'...
[2026-07-12 15:18:40] [INFO] [db_helper]: [DATABASE] Successfully saved 200 rows to database!

[2026-07-12 15:18:43] [INFO] [db_helper]: [DATABASE] Saving data to table 'raw_reviews'...
[2026-07-12 15:18:43] [INFO] [db_helper]: [DATABASE] Successfully saved 200 rows to database!

[2026-07-12 15:18:47] [INFO] [db_helper]: [DATABASE] Saving data to table 'raw_reviews'...
[2026-07-12 15:18:47] [INFO] [db_helper]: [DATABASE] Successfully saved 200 rows to database!

[2026-07-12 15:18:52] [INFO] [db_helper]: [DATABASE] Saving data to table 'raw_reviews'...
[2026-07-12 15:18:52] [INFO] [db_helper]: [DATABASE] Successfully saved 200 rows to database!

[2026-07-12 15:18:55] [INFO] [db_helper]: [DATABASE] Saving data to table 'raw_reviews'...
[2026-07-12 15:18:55] [INFO] [db_helper]: [DATABASE] Successfully saved 200 rows to database!

[2026-07-12 15:18:59] [INFO] [db_helper]: [DATABASE] Saving data to table 'raw_reviews'...
[2026-07-12 15:18:59] [INFO] [db_helper]: [DATABASE] Successfully saved 200 rows to database!

[2026-07-12 15:19:02] [INFO] [db_helper]: [DATABASE] Saving data to table 'raw_reviews'...
[2026-07-12 15:19:02] [INFO] [db_helper]: [DATABASE] Successfully saved 200 rows to database!

[2026-07-12 15:19:05] [INFO] [db_helper]: [DATABASE] Saving data to table 'raw_reviews'...
[2026-07-12 15:19:05] [INFO] [db_helper]: [DATABASE] Successfully saved 200 rows to database!

[2026-07-12 15:19:09] [INFO] [db_helper]: [DATABASE] Saving data to table 'raw_reviews'...
[2026-07-12 15:19:09] [INFO] [db_helper]: [DATABASE] Successfully saved 200 rows to database!

[2026-07-12 15:19:12] [INFO] [db_helper]: [DATABASE] Saving data to table 'raw_reviews'...
[2026-07-12 15:19:12] [INFO] [db_helper]: [DATABASE] Successfully saved 200 rows to database!

[2026-07-12 15:19:16] [INFO] [db_helper]: [DATABASE] Saving data to table 'raw_reviews'...
[2026-07-12 15:19:16] [INFO] [db_helper]: [DATABASE] Successfully saved 200 rows to database!

[2026-07-12 15:19:19] [INFO] [db_helper]: [DATABASE] Saving data to table 'raw_reviews'...
[2026-07-12 15:19:19] [INFO] [db_helper]: [DATABASE] Successfully saved 200 rows to database!

[2026-07-12 15:19:24] [INFO] [db_helper]: [DATABASE] Saving data to table 'raw_reviews'...
[2026-07-12 15:19:24] [INFO] [db_helper]: [DATABASE] Successfully saved 200 rows to database!

[2026-07-12 15:19:28] [INFO] [db_helper]: [DATABASE] Saving data to table 'raw_reviews'...
[2026-07-12 15:19:28] [INFO] [db_helper]: [DATABASE] Successfully saved 200 rows to database!

[2026-07-12 15:19:32] [INFO] [db_helper]: [DATABASE] Saving data to table 'raw_reviews'...
[2026-07-12 15:19:32] [INFO] [db_helper]: [DATABASE] Successfully saved 200 rows to database!

[2026-07-12 15:19:35] [INFO] [db_helper]: [DATABASE] Saving data to table 'raw_reviews'...
[2026-07-12 15:19:35] [INFO] [db_helper]: [DATABASE] Successfully saved 200 rows to database!

[2026-07-12 15:19:40] [INFO] [db_helper]: [DATABASE] Saving data to table 'raw_reviews'...
[2026-07-12 15:19:40] [INFO] [db_helper]: [DATABASE] Successfully saved 200 rows to database!

[2026-07-12 15:19:44] [INFO] [db_helper]: [DATABASE] Saving data to table 'raw_reviews'...
[2026-07-12 15:19:44] [INFO] [db_helper]: [DATABASE] Successfully saved 185 rows to database!

[2026-07-12 15:19:48] [INFO] [db_helper]: [DATABASE] Saving data to table 'raw_reviews'...
[2026-07-12 15:19:48] [INFO] [db_helper]: [DATABASE] Successfully saved 200 rows to database!

[2026-07-12 15:19:53] [INFO] [db_helper]: [DATABASE] Saving data to table 'raw_reviews'...
[2026-07-12 15:19:53] [INFO] [db_helper]: [DATABASE] Successfully saved 200 rows to database!

[2026-07-12 15:19:57] [INFO] [db_helper]: [DATABASE] Saving data to table 'raw_reviews'...
[2026-07-12 15:19:57] [INFO] [db_helper]: [DATABASE] Successfully saved 200 rows to database!

[2026-07-12 15:20:01] [INFO] [db_helper]: [DATABASE] Saving data to table 'raw_reviews'...
[2026-07-12 15:20:01] [INFO] [db_helper]: [DATABASE] Successfully saved 200 rows to database!

[2026-07-12 15:20:05] [INFO] [db_helper]: [DATABASE] Saving data to table 'raw_reviews'...
[2026-07-12 15:20:05] [INFO] [db_helper]: [DATABASE] Successfully saved 200 rows to database!

[2026-07-12 15:20:10] [INFO] [db_helper]: [DATABASE] Saving data to table 'raw_reviews'...
[2026-07-12 15:20:10] [INFO] [db_helper]: [DATABASE] Successfully saved 200 rows to database!

[2026-07-12 15:20:13] [INFO] [db_helper]: [DATABASE] Saving data to table 'raw_reviews'...
[2026-07-12 15:20:13] [INFO] [db_helper]: [DATABASE] Successfully saved 200 rows to database!

[2026-07-12 15:20:17] [INFO] [db_helper]: [DATABASE] Saving data to table 'raw_reviews'...
[2026-07-12 15:20:17] [INFO] [db_helper]: [DATABASE] Successfully saved 200 rows to database!

[2026-07-12 15:20:21] [INFO] [db_helper]: [DATABASE] Saving data to table 'raw_reviews'...
[2026-07-12 15:20:21] [INFO] [db_helper]: [DATABASE] Successfully saved 200 rows to database!

[2026-07-12 15:20:26] [INFO] [db_helper]: [DATABASE] Saving data to table 'raw_reviews'...
[2026-07-12 15:20:26] [INFO] [db_helper]: [DATABASE] Successfully saved 200 rows to database!

[2026-07-12 15:20:31] [INFO] [db_helper]: [DATABASE] Saving data to table 'raw_reviews'...
[2026-07-12 15:20:31] [INFO] [db_helper]: [DATABASE] Successfully saved 298 rows to database!

[2026-07-12 15:20:35] [INFO] [db_helper]: [DATABASE] Saving data to table 'raw_reviews'...
[2026-07-12 15:20:35] [INFO] [db_helper]: [DATABASE] Successfully saved 200 rows to database!

[2026-07-12 15:20:41] [INFO] [db_helper]: [DATABASE] Saving data to table 'raw_reviews'...
[2026-07-12 15:20:41] [INFO] [db_helper]: [DATABASE] Successfully saved 200 rows to database!

[2026-07-12 15:20:45] [INFO] [db_helper]: [DATABASE] Saving data to table 'raw_reviews'...
[2026-07-12 15:20:45] [INFO] [db_helper]: [DATABASE] Successfully saved 200 rows to database!

[2026-07-12 15:20:45] [INFO] [db_helper]: [DATABASE] Executing query...
[2026-07-12 15:20:45] [INFO] [db_helper]: [DATABASE] Successfully loaded 1000 rows!
[2026-07-12 15:20:45] [INFO] [db_helper]: [DATABASE] Saving data to table 'cleaned_games'...
[2026-07-12 15:20:46] [INFO] [db_helper]: [DATABASE] Successfully saved 106 rows to database!

[2026-07-12 15:20:46] [INFO] [db_helper]: [DATABASE] Executing query...
[2026-07-12 15:20:47] [INFO] [db_helper]: [DATABASE] Successfully loaded 260251 rows!
[2026-07-12 15:20:48] [INFO] [db_helper]: [DATABASE] Saving data to table 'cleaned_reviews'...
[2026-07-12 15:20:50] [INFO] [db_helper]: [DATABASE] Successfully saved 86724 rows to database!

[2026-07-12 15:21:22] [INFO] [db_helper]: [DATABASE] Executing query...
[2026-07-12 15:21:22] [INFO] [db_helper]: [DATABASE] Successfully loaded 10000 rows!
[2026-07-12 15:21:41] [INFO] [db_helper]: [DATABASE] Executing query...
[2026-07-12 15:21:41] [INFO] [db_helper]: [DATABASE] Successfully loaded 10000 rows!
[2026-07-12 15:22:18] [INFO] [db_helper]: [DATABASE] Executing query...
[2026-07-12 15:22:18] [INFO] [db_helper]: [DATABASE] Executing query...
[2026-07-12 15:22:19] [INFO] [db_helper]: [DATABASE] Successfully loaded 1 rows!
[2026-07-12 15:22:19] [INFO] [db_helper]: [DATABASE] Executing query...
[2026-07-12 15:22:19] [INFO] [db_helper]: [DATABASE] Successfully loaded 1 rows!
[2026-07-12 15:22:19] [INFO] [db_helper]: [DATABASE] Executing query...
[2026-07-12 15:22:19] [INFO] [db_helper]: [DATABASE] Successfully loaded 3 rows!
[2026-07-12 15:22:19] [INFO] [db_helper]: [DATABASE] Successfully loaded 106 rows!
[2026-07-12 15:22:20] [INFO] [db_helper]: [DATABASE] Executing query...
[2026-07-12 15:22:20] [INFO] [db_helper]: [DATABASE] Successfully loaded 3299 rows!
[2026-07-12 15:22:32] [INFO] [db_helper]: [DATABASE] Executing query...
[2026-07-12 15:22:33] [INFO] [db_helper]: [DATABASE] Successfully loaded 3200 rows!
[2026-07-12 15:22:39] [INFO] [db_helper]: [DATABASE] Executing query...
[2026-07-12 15:22:40] [INFO] [db_helper]: [DATABASE] Successfully loaded 3200 rows!
[2026-07-12 15:22:46] [INFO] [db_helper]: [DATABASE] Executing query...
[2026-07-12 15:22:46] [INFO] [db_helper]: [DATABASE] Successfully loaded 3000 rows!
[2026-07-12 15:22:58] [INFO] [db_helper]: [DATABASE] Executing query...
[2026-07-12 15:22:58] [INFO] [db_helper]: [DATABASE] Successfully loaded 2899 rows!
[2026-07-12 15:22:59] [INFO] [db_helper]: [DATABASE] Executing query...
[2026-07-12 15:23:04] [INFO] [db_helper]: [DATABASE] Successfully loaded 3200 rows!
[2026-07-12 15:24:38] [INFO] [db_helper]: [DATABASE] Executing query...
[2026-07-12 15:24:38] [INFO] [db_helper]: [DATABASE] Successfully loaded 1800 rows!
[2026-07-12 15:26:10] [INFO] [db_helper]: [DATABASE] Executing query...
[2026-07-12 15:26:10] [INFO] [db_helper]: [DATABASE] Successfully loaded 3200 rows!
[2026-07-12 15:26:35] [INFO] [db_helper]: [DATABASE] Executing query...
[2026-07-12 15:26:35] [INFO] [db_helper]: [DATABASE] Successfully loaded 3497 rows!
[2026-07-12 15:27:22] [INFO] [db_helper]: [DATABASE] Executing query...
[2026-07-12 15:27:23] [INFO] [db_helper]: [DATABASE] Successfully loaded 3299 rows!
[2026-07-12 17:42:06] [INFO] [db_helper]: [DATABASE] Executing query...
[2026-07-12 17:42:08] [INFO] [db_helper]: [DATABASE] Successfully loaded 3200 rows!
[2026-07-12 17:45:28] [INFO] [db_helper]: [DATABASE] Executing query...
[2026-07-12 17:45:29] [INFO] [db_helper]: [DATABASE] Successfully loaded 3200 rows!
[2026-07-12 17:46:36] [INFO] [db_helper]: [DATABASE] Executing query...
[2026-07-12 17:46:36] [INFO] [db_helper]: [DATABASE] Successfully loaded 3200 rows!
[2026-07-12 17:48:10] [INFO] [db_helper]: [DATABASE] Executing query...
[2026-07-12 17:48:10] [INFO] [db_helper]: [DATABASE] Successfully loaded 3200 rows!
[2026-07-12 17:48:47] [INFO] [db_helper]: [DATABASE] Executing query...
[2026-07-12 17:48:48] [INFO] [db_helper]: [DATABASE] Successfully loaded 3299 rows!
[2026-07-12 17:49:16] [INFO] [db_helper]: [DATABASE] Executing query...
[2026-07-12 17:49:16] [INFO] [db_helper]: [DATABASE] Successfully loaded 3299 rows!
[2026-07-12 17:50:55] [INFO] [db_helper]: [DATABASE] Executing query...
[2026-07-12 17:50:56] [INFO] [db_helper]: [DATABASE] Successfully loaded 3497 rows!
[2026-07-12 17:51:25] [INFO] [db_helper]: [DATABASE] Executing query...
[2026-07-12 17:51:26] [INFO] [db_helper]: [DATABASE] Successfully loaded 3200 rows!
[2026-07-12 17:51:33] [INFO] [db_helper]: [DATABASE] Executing query...
[2026-07-12 17:51:33] [INFO] [db_helper]: [DATABASE] Successfully loaded 3200 rows!
[2026-07-12 17:52:14] [INFO] [db_helper]: [DATABASE] Executing query...
[2026-07-12 17:52:15] [INFO] [db_helper]: [DATABASE] Successfully loaded 3200 rows!
[2026-07-12 18:01:52] [INFO] [db_helper]: [DATABASE] Executing query...
[2026-07-12 18:01:53] [INFO] [db_helper]: [DATABASE] Successfully loaded 3200 rows!
[2026-07-12 18:01:58] [INFO] [db_helper]: [DATABASE] Executing query...
[2026-07-12 18:01:58] [INFO] [db_helper]: [DATABASE] Successfully loaded 3200 rows!
[2026-07-12 18:03:22] [INFO] [db_helper]: [DATABASE] Executing query...
[2026-07-12 18:03:22] [INFO] [db_helper]: [DATABASE] Successfully loaded 3200 rows!
[2026-07-12 18:08:30] [INFO] [db_helper]: [DATABASE] Executing query...
[2026-07-12 18:08:31] [INFO] [db_helper]: [DATABASE] Successfully loaded 3200 rows!
[2026-07-12 18:14:41] [INFO] [db_helper]: [DATABASE] Executing query...
[2026-07-12 18:14:42] [INFO] [db_helper]: [DATABASE] Successfully loaded 3200 rows!
[2026-07-12 18:16:44] [INFO] [db_helper]: [DATABASE] Executing query...
[2026-07-12 18:16:44] [INFO] [db_helper]: [DATABASE] Successfully loaded 3200 rows!
[2026-07-12 18:47:22] [INFO] [db_helper]: [DATABASE] Saving data to table 'raw_games'...
[2026-07-12 18:47:22] [INFO] [db_helper]: [DATABASE] Successfully saved 50 rows to database!

[2026-07-12 18:47:23] [INFO] [db_helper]: [DATABASE] Executing query...
[2026-07-12 18:47:24] [INFO] [db_helper]: [DATABASE] Successfully loaded 108 rows!
[2026-07-12 18:47:28] [INFO] [db_helper]: [DATABASE] Saving data to table 'raw_reviews'...
[2026-07-12 18:47:28] [INFO] [db_helper]: [DATABASE] Successfully saved 200 rows to database!

[2026-07-12 18:47:33] [INFO] [db_helper]: [DATABASE] Saving data to table 'raw_reviews'...
[2026-07-12 18:47:33] [INFO] [db_helper]: [DATABASE] Successfully saved 200 rows to database!

[2026-07-12 18:47:37] [INFO] [db_helper]: [DATABASE] Saving data to table 'raw_reviews'...
[2026-07-12 18:47:37] [INFO] [db_helper]: [DATABASE] Successfully saved 200 rows to database!

[2026-07-12 18:47:46] [INFO] [db_helper]: [DATABASE] Saving data to table 'raw_reviews'...
[2026-07-12 18:47:46] [INFO] [db_helper]: [DATABASE] Successfully saved 200 rows to database!

[2026-07-12 18:47:51] [INFO] [db_helper]: [DATABASE] Saving data to table 'raw_reviews'...
[2026-07-12 18:47:51] [INFO] [db_helper]: [DATABASE] Successfully saved 200 rows to database!

[2026-07-12 18:47:55] [INFO] [db_helper]: [DATABASE] Saving data to table 'raw_reviews'...
[2026-07-12 18:47:55] [INFO] [db_helper]: [DATABASE] Successfully saved 200 rows to database!

[2026-07-12 18:48:01] [INFO] [db_helper]: [DATABASE] Saving data to table 'raw_reviews'...
[2026-07-12 18:48:01] [INFO] [db_helper]: [DATABASE] Successfully saved 200 rows to database!

[2026-07-12 18:48:05] [INFO] [db_helper]: [DATABASE] Saving data to table 'raw_reviews'...
[2026-07-12 18:48:05] [INFO] [db_helper]: [DATABASE] Successfully saved 200 rows to database!

[2026-07-12 18:48:10] [INFO] [db_helper]: [DATABASE] Saving data to table 'raw_reviews'...
[2026-07-12 18:48:10] [INFO] [db_helper]: [DATABASE] Successfully saved 200 rows to database!

[2026-07-12 18:48:16] [INFO] [db_helper]: [DATABASE] Saving data to table 'raw_reviews'...
[2026-07-12 18:48:16] [INFO] [db_helper]: [DATABASE] Successfully saved 200 rows to database!

[2026-07-12 18:48:20] [INFO] [db_helper]: [DATABASE] Saving data to table 'raw_reviews'...
[2026-07-12 18:48:21] [INFO] [db_helper]: [DATABASE] Successfully saved 200 rows to database!

[2026-07-12 18:48:25] [INFO] [db_helper]: [DATABASE] Saving data to table 'raw_reviews'...
[2026-07-12 18:48:25] [INFO] [db_helper]: [DATABASE] Successfully saved 200 rows to database!

[2026-07-12 18:48:31] [INFO] [db_helper]: [DATABASE] Saving data to table 'raw_reviews'...
[2026-07-12 18:48:31] [INFO] [db_helper]: [DATABASE] Successfully saved 200 rows to database!

[2026-07-12 18:48:35] [INFO] [db_helper]: [DATABASE] Saving data to table 'raw_reviews'...
[2026-07-12 18:48:35] [INFO] [db_helper]: [DATABASE] Successfully saved 200 rows to database!

[2026-07-12 18:48:40] [INFO] [db_helper]: [DATABASE] Saving data to table 'raw_reviews'...
[2026-07-12 18:48:40] [INFO] [db_helper]: [DATABASE] Successfully saved 200 rows to database!

[2026-07-12 18:48:46] [INFO] [db_helper]: [DATABASE] Saving data to table 'raw_reviews'...
[2026-07-12 18:48:46] [INFO] [db_helper]: [DATABASE] Successfully saved 200 rows to database!

[2026-07-12 18:48:51] [INFO] [db_helper]: [DATABASE] Saving data to table 'raw_reviews'...
[2026-07-12 18:48:51] [INFO] [db_helper]: [DATABASE] Successfully saved 200 rows to database!

[2026-07-12 18:48:55] [INFO] [db_helper]: [DATABASE] Saving data to table 'raw_reviews'...
[2026-07-12 18:48:55] [INFO] [db_helper]: [DATABASE] Successfully saved 200 rows to database!

[2026-07-12 18:49:01] [INFO] [db_helper]: [DATABASE] Saving data to table 'raw_reviews'...
[2026-07-12 18:49:01] [INFO] [db_helper]: [DATABASE] Successfully saved 200 rows to database!

[2026-07-12 18:49:04] [INFO] [db_helper]: [DATABASE] Saving data to table 'raw_reviews'...
[2026-07-12 18:49:04] [INFO] [db_helper]: [DATABASE] Successfully saved 200 rows to database!

[2026-07-12 18:49:08] [INFO] [db_helper]: [DATABASE] Saving data to table 'raw_reviews'...
[2026-07-12 18:49:08] [INFO] [db_helper]: [DATABASE] Successfully saved 200 rows to database!

[2026-07-12 18:49:15] [INFO] [db_helper]: [DATABASE] Saving data to table 'raw_reviews'...
[2026-07-12 18:49:15] [INFO] [db_helper]: [DATABASE] Successfully saved 200 rows to database!

[2026-07-12 18:49:18] [INFO] [db_helper]: [DATABASE] Saving data to table 'raw_reviews'...
[2026-07-12 18:49:18] [INFO] [db_helper]: [DATABASE] Successfully saved 200 rows to database!

[2026-07-12 18:49:22] [INFO] [db_helper]: [DATABASE] Saving data to table 'raw_reviews'...
[2026-07-12 18:49:22] [INFO] [db_helper]: [DATABASE] Successfully saved 200 rows to database!

[2026-07-12 18:49:25] [INFO] [db_helper]: [DATABASE] Saving data to table 'raw_reviews'...
[2026-07-12 18:49:25] [INFO] [db_helper]: [DATABASE] Successfully saved 200 rows to database!

[2026-07-12 18:49:30] [INFO] [db_helper]: [DATABASE] Saving data to table 'raw_reviews'...
[2026-07-12 18:49:30] [INFO] [db_helper]: [DATABASE] Successfully saved 200 rows to database!

[2026-07-12 18:49:33] [INFO] [db_helper]: [DATABASE] Saving data to table 'raw_reviews'...
[2026-07-12 18:49:33] [INFO] [db_helper]: [DATABASE] Successfully saved 200 rows to database!

[2026-07-12 18:49:37] [INFO] [db_helper]: [DATABASE] Saving data to table 'raw_reviews'...
[2026-07-12 18:49:37] [INFO] [db_helper]: [DATABASE] Successfully saved 200 rows to database!

[2026-07-12 18:49:40] [INFO] [db_helper]: [DATABASE] Saving data to table 'raw_reviews'...
[2026-07-12 18:49:40] [INFO] [db_helper]: [DATABASE] Successfully saved 200 rows to database!

[2026-07-12 18:49:45] [INFO] [db_helper]: [DATABASE] Saving data to table 'raw_reviews'...
[2026-07-12 18:49:45] [INFO] [db_helper]: [DATABASE] Successfully saved 200 rows to database!

[2026-07-12 18:49:48] [INFO] [db_helper]: [DATABASE] Saving data to table 'raw_reviews'...
[2026-07-12 18:49:48] [INFO] [db_helper]: [DATABASE] Successfully saved 200 rows to database!

[2026-07-12 18:49:51] [INFO] [db_helper]: [DATABASE] Saving data to table 'raw_reviews'...
[2026-07-12 18:49:51] [INFO] [db_helper]: [DATABASE] Successfully saved 200 rows to database!

[2026-07-12 18:49:55] [INFO] [db_helper]: [DATABASE] Saving data to table 'raw_reviews'...
[2026-07-12 18:49:55] [INFO] [db_helper]: [DATABASE] Successfully saved 200 rows to database!

[2026-07-12 18:50:00] [INFO] [db_helper]: [DATABASE] Saving data to table 'raw_reviews'...
[2026-07-12 18:50:00] [INFO] [db_helper]: [DATABASE] Successfully saved 200 rows to database!

[2026-07-12 18:50:03] [INFO] [db_helper]: [DATABASE] Saving data to table 'raw_reviews'...
[2026-07-12 18:50:03] [INFO] [db_helper]: [DATABASE] Successfully saved 200 rows to database!

[2026-07-12 18:50:07] [INFO] [db_helper]: [DATABASE] Saving data to table 'raw_reviews'...
[2026-07-12 18:50:07] [INFO] [db_helper]: [DATABASE] Successfully saved 200 rows to database!

[2026-07-12 18:50:10] [INFO] [db_helper]: [DATABASE] Saving data to table 'raw_reviews'...
[2026-07-12 18:50:10] [INFO] [db_helper]: [DATABASE] Successfully saved 200 rows to database!

[2026-07-12 18:50:16] [INFO] [db_helper]: [DATABASE] Saving data to table 'raw_reviews'...
[2026-07-12 18:50:16] [INFO] [db_helper]: [DATABASE] Successfully saved 200 rows to database!

[2026-07-12 18:50:19] [INFO] [db_helper]: [DATABASE] Saving data to table 'raw_reviews'...
[2026-07-12 18:50:19] [INFO] [db_helper]: [DATABASE] Successfully saved 200 rows to database!

[2026-07-12 18:50:29] [INFO] [db_helper]: [DATABASE] Saving data to table 'raw_reviews'...
[2026-07-12 18:50:29] [INFO] [db_helper]: [DATABASE] Successfully saved 200 rows to database!

[2026-07-12 18:50:33] [INFO] [db_helper]: [DATABASE] Saving data to table 'raw_reviews'...
[2026-07-12 18:50:33] [INFO] [db_helper]: [DATABASE] Successfully saved 200 rows to database!

[2026-07-12 18:50:36] [INFO] [db_helper]: [DATABASE] Saving data to table 'raw_reviews'...
[2026-07-12 18:50:36] [INFO] [db_helper]: [DATABASE] Successfully saved 200 rows to database!

[2026-07-12 18:50:40] [INFO] [db_helper]: [DATABASE] Saving data to table 'raw_reviews'...
[2026-07-12 18:50:40] [INFO] [db_helper]: [DATABASE] Successfully saved 200 rows to database!

[2026-07-12 18:50:45] [INFO] [db_helper]: [DATABASE] Saving data to table 'raw_reviews'...
[2026-07-12 18:50:45] [INFO] [db_helper]: [DATABASE] Successfully saved 200 rows to database!

[2026-07-12 18:50:49] [INFO] [db_helper]: [DATABASE] Saving data to table 'raw_reviews'...
[2026-07-12 18:50:49] [INFO] [db_helper]: [DATABASE] Successfully saved 200 rows to database!

[2026-07-12 18:50:52] [INFO] [db_helper]: [DATABASE] Saving data to table 'raw_reviews'...
[2026-07-12 18:50:52] [INFO] [db_helper]: [DATABASE] Successfully saved 200 rows to database!

[2026-07-12 18:50:55] [INFO] [db_helper]: [DATABASE] Saving data to table 'raw_reviews'...
[2026-07-12 18:50:56] [INFO] [db_helper]: [DATABASE] Successfully saved 200 rows to database!

[2026-07-12 18:51:01] [INFO] [db_helper]: [DATABASE] Saving data to table 'raw_reviews'...
[2026-07-12 18:51:01] [INFO] [db_helper]: [DATABASE] Successfully saved 200 rows to database!

[2026-07-12 18:51:04] [INFO] [db_helper]: [DATABASE] Saving data to table 'raw_reviews'...
[2026-07-12 18:51:04] [INFO] [db_helper]: [DATABASE] Successfully saved 200 rows to database!

[2026-07-12 18:51:06] [INFO] [db_helper]: [DATABASE] Saving data to table 'raw_reviews'...
[2026-07-12 18:51:06] [INFO] [db_helper]: [DATABASE] Successfully saved 16 rows to database!

[2026-07-12 18:51:10] [INFO] [db_helper]: [DATABASE] Saving data to table 'raw_reviews'...
[2026-07-12 18:51:10] [INFO] [db_helper]: [DATABASE] Successfully saved 200 rows to database!

[2026-07-12 18:51:16] [INFO] [db_helper]: [DATABASE] Saving data to table 'raw_reviews'...
[2026-07-12 18:51:16] [INFO] [db_helper]: [DATABASE] Successfully saved 200 rows to database!

[2026-07-12 18:51:19] [INFO] [db_helper]: [DATABASE] Saving data to table 'raw_reviews'...
[2026-07-12 18:51:20] [INFO] [db_helper]: [DATABASE] Successfully saved 200 rows to database!

[2026-07-12 18:51:23] [INFO] [db_helper]: [DATABASE] Saving data to table 'raw_reviews'...
[2026-07-12 18:51:23] [INFO] [db_helper]: [DATABASE] Successfully saved 200 rows to database!

[2026-07-12 18:51:28] [INFO] [db_helper]: [DATABASE] Saving data to table 'raw_reviews'...
[2026-07-12 18:51:28] [INFO] [db_helper]: [DATABASE] Successfully saved 200 rows to database!

[2026-07-12 18:51:32] [INFO] [db_helper]: [DATABASE] Saving data to table 'raw_reviews'...
[2026-07-12 18:51:32] [INFO] [db_helper]: [DATABASE] Successfully saved 200 rows to database!

[2026-07-12 18:51:35] [INFO] [db_helper]: [DATABASE] Saving data to table 'raw_reviews'...
[2026-07-12 18:51:35] [INFO] [db_helper]: [DATABASE] Successfully saved 200 rows to database!

[2026-07-12 18:51:38] [INFO] [db_helper]: [DATABASE] Saving data to table 'raw_reviews'...
[2026-07-12 18:51:38] [INFO] [db_helper]: [DATABASE] Successfully saved 200 rows to database!

[2026-07-12 18:51:43] [INFO] [db_helper]: [DATABASE] Saving data to table 'raw_reviews'...
[2026-07-12 18:51:43] [INFO] [db_helper]: [DATABASE] Successfully saved 200 rows to database!

[2026-07-12 18:51:47] [INFO] [db_helper]: [DATABASE] Saving data to table 'raw_reviews'...
[2026-07-12 18:51:47] [INFO] [db_helper]: [DATABASE] Successfully saved 200 rows to database!

[2026-07-12 18:51:50] [INFO] [db_helper]: [DATABASE] Saving data to table 'raw_reviews'...
[2026-07-12 18:51:50] [INFO] [db_helper]: [DATABASE] Successfully saved 200 rows to database!

[2026-07-12 18:51:54] [INFO] [db_helper]: [DATABASE] Saving data to table 'raw_reviews'...
[2026-07-12 18:51:54] [INFO] [db_helper]: [DATABASE] Successfully saved 200 rows to database!

[2026-07-12 18:51:59] [INFO] [db_helper]: [DATABASE] Saving data to table 'raw_reviews'...
[2026-07-12 18:51:59] [INFO] [db_helper]: [DATABASE] Successfully saved 200 rows to database!

[2026-07-12 18:52:03] [INFO] [db_helper]: [DATABASE] Saving data to table 'raw_reviews'...
[2026-07-12 18:52:03] [INFO] [db_helper]: [DATABASE] Successfully saved 200 rows to database!

[2026-07-12 18:52:06] [INFO] [db_helper]: [DATABASE] Saving data to table 'raw_reviews'...
[2026-07-12 18:52:06] [INFO] [db_helper]: [DATABASE] Successfully saved 200 rows to database!

[2026-07-12 18:52:10] [INFO] [db_helper]: [DATABASE] Saving data to table 'raw_reviews'...
[2026-07-12 18:52:10] [INFO] [db_helper]: [DATABASE] Successfully saved 200 rows to database!

[2026-07-12 18:52:18] [INFO] [db_helper]: [DATABASE] Saving data to table 'raw_reviews'...
[2026-07-12 18:52:18] [INFO] [db_helper]: [DATABASE] Successfully saved 200 rows to database!

[2026-07-12 18:52:21] [INFO] [db_helper]: [DATABASE] Saving data to table 'raw_reviews'...
[2026-07-12 18:52:21] [INFO] [db_helper]: [DATABASE] Successfully saved 200 rows to database!

[2026-07-12 18:52:25] [INFO] [db_helper]: [DATABASE] Saving data to table 'raw_reviews'...
[2026-07-12 18:52:25] [INFO] [db_helper]: [DATABASE] Successfully saved 200 rows to database!

[2026-07-12 18:52:28] [INFO] [db_helper]: [DATABASE] Saving data to table 'raw_reviews'...
[2026-07-12 18:52:28] [INFO] [db_helper]: [DATABASE] Successfully saved 200 rows to database!

[2026-07-12 18:52:35] [INFO] [db_helper]: [DATABASE] Saving data to table 'raw_reviews'...
[2026-07-12 18:52:35] [INFO] [db_helper]: [DATABASE] Successfully saved 299 rows to database!

[2026-07-12 18:52:39] [INFO] [db_helper]: [DATABASE] Saving data to table 'raw_reviews'...
[2026-07-12 18:52:39] [INFO] [db_helper]: [DATABASE] Successfully saved 200 rows to database!

[2026-07-12 18:52:42] [INFO] [db_helper]: [DATABASE] Saving data to table 'raw_reviews'...
[2026-07-12 18:52:42] [INFO] [db_helper]: [DATABASE] Successfully saved 200 rows to database!

[2026-07-12 18:52:47] [INFO] [db_helper]: [DATABASE] Saving data to table 'raw_reviews'...
[2026-07-12 18:52:47] [INFO] [db_helper]: [DATABASE] Successfully saved 200 rows to database!

[2026-07-12 18:52:51] [INFO] [db_helper]: [DATABASE] Saving data to table 'raw_reviews'...
[2026-07-12 18:52:51] [INFO] [db_helper]: [DATABASE] Successfully saved 200 rows to database!

[2026-07-12 18:52:54] [INFO] [db_helper]: [DATABASE] Saving data to table 'raw_reviews'...
[2026-07-12 18:52:54] [INFO] [db_helper]: [DATABASE] Successfully saved 200 rows to database!

[2026-07-12 18:52:57] [INFO] [db_helper]: [DATABASE] Saving data to table 'raw_reviews'...
[2026-07-12 18:52:57] [INFO] [db_helper]: [DATABASE] Successfully saved 200 rows to database!

[2026-07-12 18:53:03] [INFO] [db_helper]: [DATABASE] Saving data to table 'raw_reviews'...
[2026-07-12 18:53:03] [INFO] [db_helper]: [DATABASE] Successfully saved 200 rows to database!

[2026-07-12 18:53:06] [INFO] [db_helper]: [DATABASE] Saving data to table 'raw_reviews'...
[2026-07-12 18:53:06] [INFO] [db_helper]: [DATABASE] Successfully saved 200 rows to database!

[2026-07-12 18:53:09] [INFO] [db_helper]: [DATABASE] Saving data to table 'raw_reviews'...
[2026-07-12 18:53:09] [INFO] [db_helper]: [DATABASE] Successfully saved 200 rows to database!

[2026-07-12 18:53:16] [INFO] [db_helper]: [DATABASE] Saving data to table 'raw_reviews'...
[2026-07-12 18:53:16] [INFO] [db_helper]: [DATABASE] Successfully saved 200 rows to database!

[2026-07-12 18:53:20] [INFO] [db_helper]: [DATABASE] Saving data to table 'raw_reviews'...
[2026-07-12 18:53:20] [INFO] [db_helper]: [DATABASE] Successfully saved 200 rows to database!

[2026-07-12 18:53:23] [INFO] [db_helper]: [DATABASE] Saving data to table 'raw_reviews'...
[2026-07-12 18:53:23] [INFO] [db_helper]: [DATABASE] Successfully saved 200 rows to database!

[2026-07-12 18:53:27] [INFO] [db_helper]: [DATABASE] Saving data to table 'raw_reviews'...
[2026-07-12 18:53:27] [INFO] [db_helper]: [DATABASE] Successfully saved 200 rows to database!

[2026-07-12 18:53:32] [INFO] [db_helper]: [DATABASE] Saving data to table 'raw_reviews'...
[2026-07-12 18:53:32] [INFO] [db_helper]: [DATABASE] Successfully saved 200 rows to database!

[2026-07-12 18:53:36] [INFO] [db_helper]: [DATABASE] Saving data to table 'raw_reviews'...
[2026-07-12 18:53:36] [INFO] [db_helper]: [DATABASE] Successfully saved 200 rows to database!

[2026-07-12 18:53:39] [INFO] [db_helper]: [DATABASE] Saving data to table 'raw_reviews'...
[2026-07-12 18:53:39] [INFO] [db_helper]: [DATABASE] Successfully saved 200 rows to database!

[2026-07-12 18:53:42] [INFO] [db_helper]: [DATABASE] Saving data to table 'raw_reviews'...
[2026-07-12 18:53:42] [INFO] [db_helper]: [DATABASE] Successfully saved 200 rows to database!

[2026-07-12 18:53:48] [INFO] [db_helper]: [DATABASE] Saving data to table 'raw_reviews'...
[2026-07-12 18:53:48] [INFO] [db_helper]: [DATABASE] Successfully saved 200 rows to database!

[2026-07-12 18:53:51] [INFO] [db_helper]: [DATABASE] Saving data to table 'raw_reviews'...
[2026-07-12 18:53:51] [INFO] [db_helper]: [DATABASE] Successfully saved 200 rows to database!

[2026-07-12 18:53:54] [INFO] [db_helper]: [DATABASE] Saving data to table 'raw_reviews'...
[2026-07-12 18:53:54] [INFO] [db_helper]: [DATABASE] Successfully saved 200 rows to database!

[2026-07-12 18:53:58] [INFO] [db_helper]: [DATABASE] Saving data to table 'raw_reviews'...
[2026-07-12 18:53:58] [INFO] [db_helper]: [DATABASE] Successfully saved 200 rows to database!

[2026-07-12 18:54:03] [INFO] [db_helper]: [DATABASE] Saving data to table 'raw_reviews'...
[2026-07-12 18:54:03] [INFO] [db_helper]: [DATABASE] Successfully saved 200 rows to database!

[2026-07-12 18:54:06] [INFO] [db_helper]: [DATABASE] Saving data to table 'raw_reviews'...
[2026-07-12 18:54:06] [INFO] [db_helper]: [DATABASE] Successfully saved 200 rows to database!

[2026-07-12 18:54:10] [INFO] [db_helper]: [DATABASE] Saving data to table 'raw_reviews'...
[2026-07-12 18:54:10] [INFO] [db_helper]: [DATABASE] Successfully saved 200 rows to database!

[2026-07-12 18:54:14] [INFO] [db_helper]: [DATABASE] Saving data to table 'raw_reviews'...
[2026-07-12 18:54:14] [INFO] [db_helper]: [DATABASE] Successfully saved 200 rows to database!

[2026-07-12 18:54:18] [INFO] [db_helper]: [DATABASE] Saving data to table 'raw_reviews'...
[2026-07-12 18:54:18] [INFO] [db_helper]: [DATABASE] Successfully saved 200 rows to database!

[2026-07-12 18:54:23] [INFO] [db_helper]: [DATABASE] Saving data to table 'raw_reviews'...
[2026-07-12 18:54:23] [INFO] [db_helper]: [DATABASE] Successfully saved 200 rows to database!

[2026-07-12 18:54:26] [INFO] [db_helper]: [DATABASE] Saving data to table 'raw_reviews'...
[2026-07-12 18:54:26] [INFO] [db_helper]: [DATABASE] Successfully saved 200 rows to database!

[2026-07-12 18:54:29] [INFO] [db_helper]: [DATABASE] Saving data to table 'raw_reviews'...
[2026-07-12 18:54:29] [INFO] [db_helper]: [DATABASE] Successfully saved 200 rows to database!

[2026-07-12 18:54:34] [INFO] [db_helper]: [DATABASE] Saving data to table 'raw_reviews'...
[2026-07-12 18:54:34] [INFO] [db_helper]: [DATABASE] Successfully saved 200 rows to database!

[2026-07-12 18:54:37] [INFO] [db_helper]: [DATABASE] Saving data to table 'raw_reviews'...
[2026-07-12 18:54:37] [INFO] [db_helper]: [DATABASE] Successfully saved 200 rows to database!

[2026-07-12 18:54:41] [INFO] [db_helper]: [DATABASE] Saving data to table 'raw_reviews'...
[2026-07-12 18:54:41] [INFO] [db_helper]: [DATABASE] Successfully saved 200 rows to database!

[2026-07-12 18:54:47] [INFO] [db_helper]: [DATABASE] Saving data to table 'raw_reviews'...
[2026-07-12 18:54:47] [INFO] [db_helper]: [DATABASE] Successfully saved 298 rows to database!

[2026-07-12 18:54:51] [INFO] [db_helper]: [DATABASE] Saving data to table 'raw_reviews'...
[2026-07-12 18:54:51] [INFO] [db_helper]: [DATABASE] Successfully saved 200 rows to database!

[2026-07-12 18:54:54] [INFO] [db_helper]: [DATABASE] Saving data to table 'raw_reviews'...
[2026-07-12 18:54:54] [INFO] [db_helper]: [DATABASE] Successfully saved 200 rows to database!

[2026-07-12 18:54:58] [INFO] [db_helper]: [DATABASE] Saving data to table 'raw_reviews'...
[2026-07-12 18:54:58] [INFO] [db_helper]: [DATABASE] Successfully saved 200 rows to database!

[2026-07-12 18:54:59] [INFO] [db_helper]: [DATABASE] Executing query...
[2026-07-12 18:54:59] [INFO] [db_helper]: [DATABASE] Successfully loaded 1050 rows!
[2026-07-12 18:54:59] [INFO] [db_helper]: [DATABASE] Saving data to table 'cleaned_games'...
[2026-07-12 18:54:59] [INFO] [db_helper]: [DATABASE] Successfully saved 106 rows to database!

[2026-07-12 18:54:59] [INFO] [db_helper]: [DATABASE] Executing query...
[2026-07-12 18:55:01] [INFO] [db_helper]: [DATABASE] Successfully loaded 281664 rows!
[2026-07-12 18:55:02] [INFO] [db_helper]: [DATABASE] Saving data to table 'cleaned_reviews'...
[2026-07-12 18:55:04] [INFO] [db_helper]: [DATABASE] Successfully saved 88313 rows to database!

[2026-07-12 18:55:09] [INFO] [db_helper]: [DATABASE] Executing query...
[2026-07-12 18:55:09] [INFO] [db_helper]: [DATABASE] Successfully loaded 10000 rows!
[2026-07-12 18:55:25] [INFO] [db_helper]: [DATABASE] Executing query...
[2026-07-12 18:55:25] [INFO] [db_helper]: [DATABASE] Successfully loaded 10000 rows!
[2026-07-12 18:57:37] [INFO] [db_helper]: [DATABASE] Executing query...
[2026-07-12 18:57:37] [INFO] [db_helper]: [DATABASE] Successfully loaded 3499 rows!
[2026-07-12 19:00:56] [INFO] [db_helper]: [DATABASE] Executing query...
[2026-07-12 19:00:56] [INFO] [db_helper]: [DATABASE] Successfully loaded 3499 rows!
[2026-07-12 19:02:08] [INFO] [db_helper]: [DATABASE] Executing query...
[2026-07-12 19:02:08] [INFO] [db_helper]: [DATABASE] Successfully loaded 3499 rows!
[2026-07-12 19:03:12] [INFO] [db_helper]: [DATABASE] Executing query...
[2026-07-12 19:03:12] [INFO] [db_helper]: [DATABASE] Successfully loaded 3499 rows!
[2026-07-12 21:47:55] [INFO] [db_helper]: [DATABASE] Executing query...
[2026-07-12 21:47:55] [INFO] [db_helper]: [DATABASE] Successfully loaded 1 rows!
[2026-07-12 21:50:42] [INFO] [db_helper]: [DATABASE] Executing query...
[2026-07-12 21:50:43] [INFO] [db_helper]: [DATABASE] Successfully loaded 3499 rows!
[2026-07-12 21:51:41] [INFO] [db_helper]: [DATABASE] Executing query...
[2026-07-12 21:51:41] [INFO] [db_helper]: [DATABASE] Successfully loaded 10000 rows!
[2026-07-12 21:52:07] [INFO] [db_helper]: [DATABASE] Executing query...
[2026-07-12 21:52:07] [INFO] [db_helper]: [DATABASE] Successfully loaded 3400 rows!
[2026-07-12 21:54:14] [INFO] [db_helper]: [DATABASE] Executing query...
[2026-07-12 21:54:15] [INFO] [db_helper]: [DATABASE] Successfully loaded 3400 rows!
[2026-07-12 21:55:36] [INFO] [db_helper]: [DATABASE] Executing query...
[2026-07-12 21:55:36] [INFO] [db_helper]: [DATABASE] Successfully loaded 10000 rows!
[2026-07-12 22:15:17] [INFO] [db_helper]: [DATABASE] Saving data to table 'raw_games'...
[2026-07-12 22:15:17] [INFO] [db_helper]: [DATABASE] Successfully saved 50 rows to database!

[2026-07-12 22:15:18] [INFO] [db_helper]: [DATABASE] Executing query...
[2026-07-12 22:15:18] [INFO] [db_helper]: [DATABASE] Successfully loaded 108 rows!
[2026-07-12 22:15:21] [INFO] [db_helper]: [DATABASE] Saving data to table 'raw_reviews'...
[2026-07-12 22:15:21] [INFO] [db_helper]: [DATABASE] Successfully saved 200 rows to database!

[2026-07-12 22:15:25] [INFO] [db_helper]: [DATABASE] Saving data to table 'raw_reviews'...
[2026-07-12 22:15:25] [INFO] [db_helper]: [DATABASE] Successfully saved 200 rows to database!

[2026-07-12 22:15:29] [INFO] [db_helper]: [DATABASE] Saving data to table 'raw_reviews'...
[2026-07-12 22:15:29] [INFO] [db_helper]: [DATABASE] Successfully saved 200 rows to database!

[2026-07-12 22:15:32] [INFO] [db_helper]: [DATABASE] Saving data to table 'raw_reviews'...
[2026-07-12 22:15:32] [INFO] [db_helper]: [DATABASE] Successfully saved 200 rows to database!

[2026-07-12 22:15:35] [INFO] [db_helper]: [DATABASE] Saving data to table 'raw_reviews'...
[2026-07-12 22:15:35] [INFO] [db_helper]: [DATABASE] Successfully saved 200 rows to database!

[2026-07-12 22:15:39] [INFO] [db_helper]: [DATABASE] Saving data to table 'raw_reviews'...
[2026-07-12 22:15:39] [INFO] [db_helper]: [DATABASE] Successfully saved 200 rows to database!

[2026-07-12 22:15:42] [INFO] [db_helper]: [DATABASE] Saving data to table 'raw_reviews'...
[2026-07-12 22:15:42] [INFO] [db_helper]: [DATABASE] Successfully saved 200 rows to database!

[2026-07-12 22:15:46] [INFO] [db_helper]: [DATABASE] Saving data to table 'raw_reviews'...
[2026-07-12 22:15:46] [INFO] [db_helper]: [DATABASE] Successfully saved 200 rows to database!

[2026-07-12 22:15:49] [INFO] [db_helper]: [DATABASE] Saving data to table 'raw_reviews'...
[2026-07-12 22:15:49] [INFO] [db_helper]: [DATABASE] Successfully saved 200 rows to database!

[2026-07-12 22:15:53] [INFO] [db_helper]: [DATABASE] Saving data to table 'raw_reviews'...
[2026-07-12 22:15:53] [INFO] [db_helper]: [DATABASE] Successfully saved 200 rows to database!

[2026-07-12 22:15:56] [INFO] [db_helper]: [DATABASE] Saving data to table 'raw_reviews'...
[2026-07-12 22:15:56] [INFO] [db_helper]: [DATABASE] Successfully saved 200 rows to database!

[2026-07-12 22:16:00] [INFO] [db_helper]: [DATABASE] Saving data to table 'raw_reviews'...
[2026-07-12 22:16:00] [INFO] [db_helper]: [DATABASE] Successfully saved 200 rows to database!

[2026-07-12 22:16:04] [INFO] [db_helper]: [DATABASE] Saving data to table 'raw_reviews'...
[2026-07-12 22:16:04] [INFO] [db_helper]: [DATABASE] Successfully saved 200 rows to database!

[2026-07-12 22:16:07] [INFO] [db_helper]: [DATABASE] Saving data to table 'raw_reviews'...
[2026-07-12 22:16:07] [INFO] [db_helper]: [DATABASE] Successfully saved 200 rows to database!

[2026-07-12 22:16:10] [INFO] [db_helper]: [DATABASE] Saving data to table 'raw_reviews'...
[2026-07-12 22:16:10] [INFO] [db_helper]: [DATABASE] Successfully saved 200 rows to database!

[2026-07-12 22:16:14] [INFO] [db_helper]: [DATABASE] Saving data to table 'raw_reviews'...
[2026-07-12 22:16:14] [INFO] [db_helper]: [DATABASE] Successfully saved 200 rows to database!

[2026-07-12 22:16:18] [INFO] [db_helper]: [DATABASE] Saving data to table 'raw_reviews'...
[2026-07-12 22:16:18] [INFO] [db_helper]: [DATABASE] Successfully saved 200 rows to database!

[2026-07-12 22:16:22] [INFO] [db_helper]: [DATABASE] Saving data to table 'raw_reviews'...
[2026-07-12 22:16:22] [INFO] [db_helper]: [DATABASE] Successfully saved 200 rows to database!

[2026-07-12 22:16:25] [INFO] [db_helper]: [DATABASE] Saving data to table 'raw_reviews'...
[2026-07-12 22:16:25] [INFO] [db_helper]: [DATABASE] Successfully saved 200 rows to database!

[2026-07-12 22:16:31] [INFO] [db_helper]: [DATABASE] Saving data to table 'raw_reviews'...
[2026-07-12 22:16:31] [INFO] [db_helper]: [DATABASE] Successfully saved 299 rows to database!

[2026-07-12 22:16:34] [INFO] [db_helper]: [DATABASE] Saving data to table 'raw_reviews'...
[2026-07-12 22:16:34] [INFO] [db_helper]: [DATABASE] Successfully saved 200 rows to database!

[2026-07-12 22:16:37] [INFO] [db_helper]: [DATABASE] Saving data to table 'raw_reviews'...
[2026-07-12 22:16:37] [INFO] [db_helper]: [DATABASE] Successfully saved 200 rows to database!

[2026-07-12 22:16:41] [INFO] [db_helper]: [DATABASE] Saving data to table 'raw_reviews'...
[2026-07-12 22:16:41] [INFO] [db_helper]: [DATABASE] Successfully saved 200 rows to database!

[2026-07-12 22:16:44] [INFO] [db_helper]: [DATABASE] Saving data to table 'raw_reviews'...
[2026-07-12 22:16:44] [INFO] [db_helper]: [DATABASE] Successfully saved 200 rows to database!

[2026-07-12 22:16:48] [INFO] [db_helper]: [DATABASE] Saving data to table 'raw_reviews'...
[2026-07-12 22:16:48] [INFO] [db_helper]: [DATABASE] Successfully saved 200 rows to database!

[2026-07-12 22:16:53] [INFO] [db_helper]: [DATABASE] Saving data to table 'raw_reviews'...
[2026-07-12 22:16:53] [INFO] [db_helper]: [DATABASE] Successfully saved 299 rows to database!

[2026-07-12 22:16:56] [INFO] [db_helper]: [DATABASE] Saving data to table 'raw_reviews'...
[2026-07-12 22:16:56] [INFO] [db_helper]: [DATABASE] Successfully saved 200 rows to database!

[2026-07-12 22:17:00] [INFO] [db_helper]: [DATABASE] Saving data to table 'raw_reviews'...
[2026-07-12 22:17:00] [INFO] [db_helper]: [DATABASE] Successfully saved 200 rows to database!

[2026-07-12 22:17:03] [INFO] [db_helper]: [DATABASE] Saving data to table 'raw_reviews'...
[2026-07-12 22:17:03] [INFO] [db_helper]: [DATABASE] Successfully saved 200 rows to database!

[2026-07-12 22:17:07] [INFO] [db_helper]: [DATABASE] Saving data to table 'raw_reviews'...
[2026-07-12 22:17:07] [INFO] [db_helper]: [DATABASE] Successfully saved 200 rows to database!

[2026-07-12 22:17:10] [INFO] [db_helper]: [DATABASE] Saving data to table 'raw_reviews'...
[2026-07-12 22:17:10] [INFO] [db_helper]: [DATABASE] Successfully saved 200 rows to database!

[2026-07-12 22:17:15] [INFO] [db_helper]: [DATABASE] Saving data to table 'raw_reviews'...
[2026-07-12 22:17:15] [INFO] [db_helper]: [DATABASE] Successfully saved 299 rows to database!

[2026-07-12 22:17:19] [INFO] [db_helper]: [DATABASE] Saving data to table 'raw_reviews'...
[2026-07-12 22:17:19] [INFO] [db_helper]: [DATABASE] Successfully saved 200 rows to database!

[2026-07-12 22:17:22] [INFO] [db_helper]: [DATABASE] Saving data to table 'raw_reviews'...
[2026-07-12 22:17:22] [INFO] [db_helper]: [DATABASE] Successfully saved 200 rows to database!

[2026-07-12 22:17:26] [INFO] [db_helper]: [DATABASE] Saving data to table 'raw_reviews'...
[2026-07-12 22:17:26] [INFO] [db_helper]: [DATABASE] Successfully saved 200 rows to database!

[2026-07-12 22:17:30] [INFO] [db_helper]: [DATABASE] Saving data to table 'raw_reviews'...
[2026-07-12 22:17:30] [INFO] [db_helper]: [DATABASE] Successfully saved 200 rows to database!

[2026-07-12 22:17:33] [INFO] [db_helper]: [DATABASE] Saving data to table 'raw_reviews'...
[2026-07-12 22:17:33] [INFO] [db_helper]: [DATABASE] Successfully saved 200 rows to database!

[2026-07-12 22:17:36] [INFO] [db_helper]: [DATABASE] Saving data to table 'raw_reviews'...
[2026-07-12 22:17:36] [INFO] [db_helper]: [DATABASE] Successfully saved 200 rows to database!

[2026-07-12 22:17:40] [INFO] [db_helper]: [DATABASE] Saving data to table 'raw_reviews'...
[2026-07-12 22:17:40] [INFO] [db_helper]: [DATABASE] Successfully saved 200 rows to database!

[2026-07-12 22:17:43] [INFO] [db_helper]: [DATABASE] Saving data to table 'raw_reviews'...
[2026-07-12 22:17:43] [INFO] [db_helper]: [DATABASE] Successfully saved 200 rows to database!

[2026-07-12 22:17:47] [INFO] [db_helper]: [DATABASE] Saving data to table 'raw_reviews'...
[2026-07-12 22:17:47] [INFO] [db_helper]: [DATABASE] Successfully saved 200 rows to database!

[2026-07-12 22:17:50] [INFO] [db_helper]: [DATABASE] Saving data to table 'raw_reviews'...
[2026-07-12 22:17:50] [INFO] [db_helper]: [DATABASE] Successfully saved 200 rows to database!

[2026-07-12 22:17:53] [INFO] [db_helper]: [DATABASE] Saving data to table 'raw_reviews'...
[2026-07-12 22:17:53] [INFO] [db_helper]: [DATABASE] Successfully saved 200 rows to database!

[2026-07-12 22:17:57] [INFO] [db_helper]: [DATABASE] Saving data to table 'raw_reviews'...
[2026-07-12 22:17:57] [INFO] [db_helper]: [DATABASE] Successfully saved 200 rows to database!

[2026-07-12 22:18:00] [INFO] [db_helper]: [DATABASE] Saving data to table 'raw_reviews'...
[2026-07-12 22:18:00] [INFO] [db_helper]: [DATABASE] Successfully saved 200 rows to database!

[2026-07-12 22:18:04] [INFO] [db_helper]: [DATABASE] Saving data to table 'raw_reviews'...
[2026-07-12 22:18:04] [INFO] [db_helper]: [DATABASE] Successfully saved 200 rows to database!

[2026-07-12 22:18:07] [INFO] [db_helper]: [DATABASE] Saving data to table 'raw_reviews'...
[2026-07-12 22:18:07] [INFO] [db_helper]: [DATABASE] Successfully saved 200 rows to database!

[2026-07-12 22:18:11] [INFO] [db_helper]: [DATABASE] Saving data to table 'raw_reviews'...
[2026-07-12 22:18:11] [INFO] [db_helper]: [DATABASE] Successfully saved 200 rows to database!

[2026-07-12 22:18:14] [INFO] [db_helper]: [DATABASE] Saving data to table 'raw_reviews'...
[2026-07-12 22:18:14] [INFO] [db_helper]: [DATABASE] Successfully saved 200 rows to database!

[2026-07-12 22:18:16] [INFO] [db_helper]: [DATABASE] Saving data to table 'raw_reviews'...
[2026-07-12 22:18:16] [INFO] [db_helper]: [DATABASE] Successfully saved 16 rows to database!

[2026-07-12 22:18:19] [INFO] [db_helper]: [DATABASE] Saving data to table 'raw_reviews'...
[2026-07-12 22:18:19] [INFO] [db_helper]: [DATABASE] Successfully saved 200 rows to database!

[2026-07-12 22:18:23] [INFO] [db_helper]: [DATABASE] Saving data to table 'raw_reviews'...
[2026-07-12 22:18:23] [INFO] [db_helper]: [DATABASE] Successfully saved 200 rows to database!

[2026-07-12 22:18:26] [INFO] [db_helper]: [DATABASE] Saving data to table 'raw_reviews'...
[2026-07-12 22:18:26] [INFO] [db_helper]: [DATABASE] Successfully saved 200 rows to database!

[2026-07-12 22:18:30] [INFO] [db_helper]: [DATABASE] Saving data to table 'raw_reviews'...
[2026-07-12 22:18:30] [INFO] [db_helper]: [DATABASE] Successfully saved 200 rows to database!

[2026-07-12 22:18:33] [INFO] [db_helper]: [DATABASE] Saving data to table 'raw_reviews'...
[2026-07-12 22:18:33] [INFO] [db_helper]: [DATABASE] Successfully saved 200 rows to database!

[2026-07-12 22:18:37] [INFO] [db_helper]: [DATABASE] Saving data to table 'raw_reviews'...
[2026-07-12 22:18:37] [INFO] [db_helper]: [DATABASE] Successfully saved 200 rows to database!

[2026-07-12 22:18:40] [INFO] [db_helper]: [DATABASE] Saving data to table 'raw_reviews'...
[2026-07-12 22:18:40] [INFO] [db_helper]: [DATABASE] Successfully saved 200 rows to database!

[2026-07-12 22:18:45] [INFO] [db_helper]: [DATABASE] Saving data to table 'raw_reviews'...
[2026-07-12 22:18:45] [INFO] [db_helper]: [DATABASE] Successfully saved 200 rows to database!

[2026-07-12 22:18:49] [INFO] [db_helper]: [DATABASE] Saving data to table 'raw_reviews'...
[2026-07-12 22:18:49] [INFO] [db_helper]: [DATABASE] Successfully saved 200 rows to database!

[2026-07-12 22:18:53] [INFO] [db_helper]: [DATABASE] Saving data to table 'raw_reviews'...
[2026-07-12 22:18:53] [INFO] [db_helper]: [DATABASE] Successfully saved 200 rows to database!

[2026-07-12 22:18:57] [INFO] [db_helper]: [DATABASE] Saving data to table 'raw_reviews'...
[2026-07-12 22:18:57] [INFO] [db_helper]: [DATABASE] Successfully saved 200 rows to database!

[2026-07-12 22:19:02] [INFO] [db_helper]: [DATABASE] Saving data to table 'raw_reviews'...
[2026-07-12 22:19:02] [INFO] [db_helper]: [DATABASE] Successfully saved 200 rows to database!

[2026-07-12 22:19:06] [INFO] [db_helper]: [DATABASE] Saving data to table 'raw_reviews'...
[2026-07-12 22:19:06] [INFO] [db_helper]: [DATABASE] Successfully saved 200 rows to database!

[2026-07-12 22:19:11] [INFO] [db_helper]: [DATABASE] Saving data to table 'raw_reviews'...
[2026-07-12 22:19:11] [INFO] [db_helper]: [DATABASE] Successfully saved 200 rows to database!

[2026-07-12 22:19:15] [INFO] [db_helper]: [DATABASE] Saving data to table 'raw_reviews'...
[2026-07-12 22:19:15] [INFO] [db_helper]: [DATABASE] Successfully saved 200 rows to database!

[2026-07-12 22:19:19] [INFO] [db_helper]: [DATABASE] Saving data to table 'raw_reviews'...
[2026-07-12 22:19:19] [INFO] [db_helper]: [DATABASE] Successfully saved 200 rows to database!

[2026-07-12 22:19:23] [INFO] [db_helper]: [DATABASE] Saving data to table 'raw_reviews'...
[2026-07-12 22:19:23] [INFO] [db_helper]: [DATABASE] Successfully saved 200 rows to database!

[2026-07-12 22:19:28] [INFO] [db_helper]: [DATABASE] Saving data to table 'raw_reviews'...
[2026-07-12 22:19:28] [INFO] [db_helper]: [DATABASE] Successfully saved 200 rows to database!

[2026-07-12 22:19:32] [INFO] [db_helper]: [DATABASE] Saving data to table 'raw_reviews'...
[2026-07-12 22:19:32] [INFO] [db_helper]: [DATABASE] Successfully saved 200 rows to database!

[2026-07-12 22:19:37] [INFO] [db_helper]: [DATABASE] Saving data to table 'raw_reviews'...
[2026-07-12 22:19:37] [INFO] [db_helper]: [DATABASE] Successfully saved 200 rows to database!

[2026-07-12 22:19:41] [INFO] [db_helper]: [DATABASE] Saving data to table 'raw_reviews'...
[2026-07-12 22:19:41] [INFO] [db_helper]: [DATABASE] Successfully saved 200 rows to database!

[2026-07-12 22:19:46] [INFO] [db_helper]: [DATABASE] Saving data to table 'raw_reviews'...
[2026-07-12 22:19:46] [INFO] [db_helper]: [DATABASE] Successfully saved 200 rows to database!

[2026-07-12 22:19:50] [INFO] [db_helper]: [DATABASE] Saving data to table 'raw_reviews'...
[2026-07-12 22:19:50] [INFO] [db_helper]: [DATABASE] Successfully saved 200 rows to database!

[2026-07-12 22:19:54] [INFO] [db_helper]: [DATABASE] Saving data to table 'raw_reviews'...
[2026-07-12 22:19:54] [INFO] [db_helper]: [DATABASE] Successfully saved 200 rows to database!

[2026-07-12 22:19:59] [INFO] [db_helper]: [DATABASE] Saving data to table 'raw_reviews'...
[2026-07-12 22:19:59] [INFO] [db_helper]: [DATABASE] Successfully saved 200 rows to database!

[2026-07-12 22:20:03] [INFO] [db_helper]: [DATABASE] Saving data to table 'raw_reviews'...
[2026-07-12 22:20:03] [INFO] [db_helper]: [DATABASE] Successfully saved 200 rows to database!

[2026-07-12 22:20:07] [INFO] [db_helper]: [DATABASE] Saving data to table 'raw_reviews'...
[2026-07-12 22:20:07] [INFO] [db_helper]: [DATABASE] Successfully saved 200 rows to database!

[2026-07-12 22:20:12] [INFO] [db_helper]: [DATABASE] Saving data to table 'raw_reviews'...
[2026-07-12 22:20:12] [INFO] [db_helper]: [DATABASE] Successfully saved 200 rows to database!

[2026-07-12 22:20:16] [INFO] [db_helper]: [DATABASE] Saving data to table 'raw_reviews'...
[2026-07-12 22:20:16] [INFO] [db_helper]: [DATABASE] Successfully saved 200 rows to database!

[2026-07-12 22:20:20] [INFO] [db_helper]: [DATABASE] Saving data to table 'raw_reviews'...
[2026-07-12 22:20:20] [INFO] [db_helper]: [DATABASE] Successfully saved 200 rows to database!

[2026-07-12 22:20:25] [INFO] [db_helper]: [DATABASE] Saving data to table 'raw_reviews'...
[2026-07-12 22:20:25] [INFO] [db_helper]: [DATABASE] Successfully saved 200 rows to database!

[2026-07-12 22:20:29] [INFO] [db_helper]: [DATABASE] Saving data to table 'raw_reviews'...
[2026-07-12 22:20:29] [INFO] [db_helper]: [DATABASE] Successfully saved 200 rows to database!

[2026-07-12 22:20:33] [INFO] [db_helper]: [DATABASE] Saving data to table 'raw_reviews'...
[2026-07-12 22:20:33] [INFO] [db_helper]: [DATABASE] Successfully saved 200 rows to database!

[2026-07-12 22:20:40] [INFO] [db_helper]: [DATABASE] Saving data to table 'raw_reviews'...
[2026-07-12 22:20:40] [INFO] [db_helper]: [DATABASE] Successfully saved 200 rows to database!

[2026-07-12 22:20:45] [INFO] [db_helper]: [DATABASE] Saving data to table 'raw_reviews'...
[2026-07-12 22:20:45] [INFO] [db_helper]: [DATABASE] Successfully saved 200 rows to database!

[2026-07-12 22:20:49] [INFO] [db_helper]: [DATABASE] Saving data to table 'raw_reviews'...
[2026-07-12 22:20:49] [INFO] [db_helper]: [DATABASE] Successfully saved 200 rows to database!

[2026-07-12 22:20:54] [INFO] [db_helper]: [DATABASE] Saving data to table 'raw_reviews'...
[2026-07-12 22:20:54] [INFO] [db_helper]: [DATABASE] Successfully saved 200 rows to database!

[2026-07-12 22:20:58] [INFO] [db_helper]: [DATABASE] Saving data to table 'raw_reviews'...
[2026-07-12 22:20:58] [INFO] [db_helper]: [DATABASE] Successfully saved 200 rows to database!

[2026-07-12 22:21:03] [INFO] [db_helper]: [DATABASE] Saving data to table 'raw_reviews'...
[2026-07-12 22:21:03] [INFO] [db_helper]: [DATABASE] Successfully saved 200 rows to database!

[2026-07-12 22:21:06] [INFO] [db_helper]: [DATABASE] Saving data to table 'raw_reviews'...
[2026-07-12 22:21:06] [INFO] [db_helper]: [DATABASE] Successfully saved 200 rows to database!

[2026-07-12 22:21:11] [INFO] [db_helper]: [DATABASE] Saving data to table 'raw_reviews'...
[2026-07-12 22:21:11] [INFO] [db_helper]: [DATABASE] Successfully saved 200 rows to database!

[2026-07-12 22:21:15] [INFO] [db_helper]: [DATABASE] Saving data to table 'raw_reviews'...
[2026-07-12 22:21:15] [INFO] [db_helper]: [DATABASE] Successfully saved 200 rows to database!

[2026-07-12 22:21:20] [INFO] [db_helper]: [DATABASE] Saving data to table 'raw_reviews'...
[2026-07-12 22:21:20] [INFO] [db_helper]: [DATABASE] Successfully saved 200 rows to database!

[2026-07-12 22:21:24] [INFO] [db_helper]: [DATABASE] Saving data to table 'raw_reviews'...
[2026-07-12 22:21:24] [INFO] [db_helper]: [DATABASE] Successfully saved 200 rows to database!

[2026-07-12 22:21:28] [INFO] [db_helper]: [DATABASE] Saving data to table 'raw_reviews'...
[2026-07-12 22:21:28] [INFO] [db_helper]: [DATABASE] Successfully saved 200 rows to database!

[2026-07-12 22:21:33] [INFO] [db_helper]: [DATABASE] Saving data to table 'raw_reviews'...
[2026-07-12 22:21:33] [INFO] [db_helper]: [DATABASE] Successfully saved 200 rows to database!

[2026-07-12 22:21:37] [INFO] [db_helper]: [DATABASE] Saving data to table 'raw_reviews'...
[2026-07-12 22:21:37] [INFO] [db_helper]: [DATABASE] Successfully saved 200 rows to database!

[2026-07-12 22:21:44] [INFO] [db_helper]: [DATABASE] Saving data to table 'raw_reviews'...
[2026-07-12 22:21:44] [INFO] [db_helper]: [DATABASE] Successfully saved 200 rows to database!

[2026-07-12 22:21:49] [INFO] [db_helper]: [DATABASE] Saving data to table 'raw_reviews'...
[2026-07-12 22:21:49] [INFO] [db_helper]: [DATABASE] Successfully saved 200 rows to database!

[2026-07-12 22:21:54] [INFO] [db_helper]: [DATABASE] Saving data to table 'raw_reviews'...
[2026-07-12 22:21:54] [INFO] [db_helper]: [DATABASE] Successfully saved 200 rows to database!

[2026-07-12 22:21:58] [INFO] [db_helper]: [DATABASE] Saving data to table 'raw_reviews'...
[2026-07-12 22:21:58] [INFO] [db_helper]: [DATABASE] Successfully saved 200 rows to database!

[2026-07-12 22:22:03] [INFO] [db_helper]: [DATABASE] Saving data to table 'raw_reviews'...
[2026-07-12 22:22:03] [INFO] [db_helper]: [DATABASE] Successfully saved 200 rows to database!

[2026-07-12 22:22:07] [INFO] [db_helper]: [DATABASE] Saving data to table 'raw_reviews'...
[2026-07-12 22:22:07] [INFO] [db_helper]: [DATABASE] Successfully saved 200 rows to database!

[2026-07-12 22:22:13] [INFO] [db_helper]: [DATABASE] Saving data to table 'raw_reviews'...
[2026-07-12 22:22:13] [INFO] [db_helper]: [DATABASE] Successfully saved 298 rows to database!

[2026-07-12 22:22:18] [INFO] [db_helper]: [DATABASE] Saving data to table 'raw_reviews'...
[2026-07-12 22:22:18] [INFO] [db_helper]: [DATABASE] Successfully saved 200 rows to database!

[2026-07-12 22:22:22] [INFO] [db_helper]: [DATABASE] Saving data to table 'raw_reviews'...
[2026-07-12 22:22:22] [INFO] [db_helper]: [DATABASE] Successfully saved 200 rows to database!

[2026-07-12 22:22:27] [INFO] [db_helper]: [DATABASE] Saving data to table 'raw_reviews'...
[2026-07-12 22:22:27] [INFO] [db_helper]: [DATABASE] Successfully saved 200 rows to database!

[2026-07-12 22:22:28] [INFO] [db_helper]: [DATABASE] Executing query...
[2026-07-12 22:22:28] [INFO] [db_helper]: [DATABASE] Successfully loaded 1100 rows!
[2026-07-12 22:22:28] [INFO] [db_helper]: [DATABASE] Saving data to table 'cleaned_games'...
[2026-07-12 22:22:28] [INFO] [db_helper]: [DATABASE] Successfully saved 106 rows to database!

[2026-07-12 22:22:29] [INFO] [db_helper]: [DATABASE] Executing query...
[2026-07-12 22:22:31] [INFO] [db_helper]: [DATABASE] Successfully loaded 303275 rows!
[2026-07-12 22:22:35] [INFO] [db_helper]: [DATABASE] Saving data to table 'cleaned_reviews'...
[2026-07-12 22:22:39] [INFO] [db_helper]: [DATABASE] Successfully saved 89443 rows to database!

[2026-07-12 22:22:45] [INFO] [db_helper]: [DATABASE] Executing query...
[2026-07-12 22:22:46] [INFO] [db_helper]: [DATABASE] Successfully loaded 10000 rows!
[2026-07-12 22:23:29] [INFO] [db_helper]: [DATABASE] Executing query...
[2026-07-12 22:23:29] [INFO] [db_helper]: [DATABASE] Successfully loaded 10000 rows!
[2026-07-12 22:29:19] [INFO] [db_helper]: [DATABASE] Executing query...
[2026-07-12 22:29:20] [INFO] [db_helper]: [DATABASE] Successfully loaded 3699 rows!
[2026-07-12 22:31:24] [INFO] [db_helper]: [DATABASE] Executing query...
[2026-07-12 22:31:25] [INFO] [db_helper]: [DATABASE] Successfully loaded 3600 rows!
[2026-07-12 22:33:29] [INFO] [db_helper]: [DATABASE] Executing query...
[2026-07-12 22:33:29] [INFO] [db_helper]: [DATABASE] Successfully loaded 3699 rows!
[2026-07-12 22:36:56] [INFO] [db_helper]: [DATABASE] Executing query...
[2026-07-12 22:36:57] [INFO] [db_helper]: [DATABASE] Successfully loaded 3600 rows!
[2026-07-12 22:44:26] [INFO] [db_helper]: [DATABASE] Executing query...
[2026-07-12 22:44:26] [ERROR] [db_helper]: [DATABASE ERROR] Failed to load data: ValueError("unsupported format character 'S' (0x53) at index 105")
[2026-07-12 22:44:26] [INFO] [db_helper]: [DATABASE] Executing query...
[2026-07-12 22:44:26] [ERROR] [db_helper]: [DATABASE ERROR] Failed to load data: TypeError('not enough arguments for format string')
[2026-07-12 22:44:36] [INFO] [db_helper]: [DATABASE] Executing query...
[2026-07-12 22:44:36] [INFO] [db_helper]: [DATABASE] Successfully loaded 21 rows!
[2026-07-12 22:44:36] [INFO] [db_helper]: [DATABASE] Executing query...
[2026-07-12 22:44:36] [INFO] [db_helper]: [DATABASE] Successfully loaded 1 rows!
[2026-07-12 22:58:21] [INFO] [db_helper]: [DATABASE] Saving data to table 'raw_games'...
[2026-07-12 22:58:21] [INFO] [db_helper]: [DATABASE] Successfully saved 50 rows to database!

[2026-07-12 23:10:04] [INFO] [db_helper]: [DATABASE] Executing query...
[2026-07-12 23:10:05] [INFO] [db_helper]: [DATABASE] Successfully loaded 3600 rows!
[2026-07-12 23:14:02] [INFO] [db_helper]: [DATABASE] Executing query...
[2026-07-12 23:14:02] [INFO] [db_helper]: [DATABASE] Successfully loaded 3600 rows!
[2026-07-12 23:20:16] [INFO] [db_helper]: [DATABASE] Executing query...
[2026-07-12 23:20:17] [INFO] [db_helper]: [DATABASE] Successfully loaded 3600 rows!
[2026-07-12 23:27:56] [INFO] [db_helper]: [DATABASE] Executing query...
[2026-07-12 23:27:57] [INFO] [db_helper]: [DATABASE] Successfully loaded 3600 rows!
[2026-07-12 23:36:21] [INFO] [db_helper]: [DATABASE] Executing query...
[2026-07-12 23:36:22] [INFO] [db_helper]: [DATABASE] Successfully loaded 3699 rows!
[2026-07-12 23:44:18] [INFO] [db_helper]: [DATABASE] Executing query...
[2026-07-12 23:44:19] [INFO] [db_helper]: [DATABASE] Successfully loaded 3699 rows!
[2026-07-12 23:46:18] [INFO] [db_helper]: [DATABASE] Executing query...
[2026-07-12 23:46:18] [ERROR] [db_helper]: [DATABASE ERROR] Failed to load data: TypeError('%i format: a real number is required, not dict')
[2026-07-12 23:46:43] [INFO] [db_helper]: [DATABASE] Executing query...
[2026-07-12 23:46:43] [INFO] [db_helper]: [DATABASE] Successfully loaded 3600 rows!
[2026-07-12 23:47:09] [INFO] [db_helper]: [DATABASE] Executing query...
[2026-07-12 23:47:09] [INFO] [db_helper]: [DATABASE] Successfully loaded 3699 rows!
[2026-07-12 23:47:47] [INFO] [db_helper]: [DATABASE] Executing query...
[2026-07-12 23:47:48] [INFO] [db_helper]: [DATABASE] Successfully loaded 3600 rows!
[2026-07-12 23:48:22] [INFO] [db_helper]: [DATABASE] Executing query...
[2026-07-12 23:48:22] [INFO] [db_helper]: [DATABASE] Successfully loaded 3699 rows!
[2026-07-12 23:51:11] [INFO] [db_helper]: [DATABASE] Executing query...
[2026-07-12 23:51:12] [INFO] [db_helper]: [DATABASE] Successfully loaded 3699 rows!
[2026-07-13 00:02:54] [INFO] [db_helper]: [DATABASE] Executing query...
[2026-07-13 00:02:55] [INFO] [db_helper]: [DATABASE] Successfully loaded 3699 rows!
[2026-07-13 00:03:40] [INFO] [db_helper]: [DATABASE] Executing query...
[2026-07-13 00:03:40] [INFO] [db_helper]: [DATABASE] Successfully loaded 3600 rows!
[2026-07-13 00:04:11] [INFO] [db_helper]: [DATABASE] Executing query...
[2026-07-13 00:04:12] [INFO] [db_helper]: [DATABASE] Successfully loaded 3699 rows!
[2026-07-13 00:06:46] [INFO] [db_helper]: [DATABASE] Executing query...
[2026-07-13 00:06:46] [INFO] [db_helper]: [DATABASE] Successfully loaded 3600 rows!
[2026-07-13 00:08:21] [INFO] [db_helper]: [DATABASE] Executing query...
[2026-07-13 00:08:22] [INFO] [db_helper]: [DATABASE] Successfully loaded 3699 rows!
[2026-07-13 00:13:33] [INFO] [db_helper]: [DATABASE] Executing query...
[2026-07-13 00:13:33] [INFO] [db_helper]: [DATABASE] Successfully loaded 3699 rows!
[2026-07-13 01:19:12] [INFO] [db_helper]: [DATABASE] Executing query...
[2026-07-13 01:19:14] [INFO] [db_helper]: [DATABASE] Successfully loaded 3600 rows!
[2026-07-13 01:25:49] [INFO] [db_helper]: [DATABASE] Executing query...
[2026-07-13 01:25:50] [INFO] [db_helper]: [DATABASE] Successfully loaded 3600 rows!
[2026-07-13 01:29:48] [INFO] [db_helper]: [DATABASE] Executing query...
[2026-07-13 01:29:49] [INFO] [db_helper]: [DATABASE] Successfully loaded 3699 rows!
[2026-07-13 01:35:16] [INFO] [db_helper]: [DATABASE] Executing query...
[2026-07-13 01:35:16] [INFO] [db_helper]: [DATABASE] Successfully loaded 3699 rows!
[2026-07-13 01:50:39] [INFO] [db_helper]: [DATABASE] Executing query...
[2026-07-13 01:50:40] [INFO] [db_helper]: [DATABASE] Successfully loaded 3600 rows!
[2026-07-13 01:55:21] [INFO] [db_helper]: [DATABASE] Executing query...
[2026-07-13 01:55:22] [INFO] [db_helper]: [DATABASE] Successfully loaded 3697 rows!
[2026-07-13 01:58:51] [INFO] [db_helper]: [DATABASE] Executing query...
[2026-07-13 01:58:52] [INFO] [db_helper]: [DATABASE] Successfully loaded 3699 rows!
[2026-07-13 02:01:21] [INFO] [db_helper]: [DATABASE] Executing query...
[2026-07-13 02:01:21] [INFO] [db_helper]: [DATABASE] Successfully loaded 3600 rows!
[2026-07-13 02:22:12] [INFO] [db_helper]: [DATABASE] Executing query...
[2026-07-13 02:22:13] [INFO] [db_helper]: [DATABASE] Successfully loaded 3699 rows!
[2026-07-13 02:22:49] [INFO] [db_helper]: [DATABASE] Executing query...
[2026-07-13 02:22:49] [INFO] [db_helper]: [DATABASE] Successfully loaded 3600 rows!
[2026-07-13 02:28:51] [INFO] [db_helper]: [DATABASE] Executing query...
[2026-07-13 02:28:52] [INFO] [db_helper]: [DATABASE] Successfully loaded 3699 rows!
[2026-07-13 02:30:34] [INFO] [db_helper]: [DATABASE] Executing query...
[2026-07-13 02:30:35] [INFO] [db_helper]: [DATABASE] Successfully loaded 3600 rows!
[2026-07-13 02:31:49] [INFO] [db_helper]: [DATABASE] Executing query...
[2026-07-13 02:31:49] [INFO] [db_helper]: [DATABASE] Successfully loaded 3699 rows!
[2026-07-13 02:34:48] [INFO] [db_helper]: [DATABASE] Executing query...
[2026-07-13 02:34:49] [INFO] [db_helper]: [DATABASE] Successfully loaded 3699 rows!
[2026-07-13 02:38:01] [INFO] [db_helper]: [DATABASE] Executing query...
[2026-07-13 02:38:02] [INFO] [db_helper]: [DATABASE] Successfully loaded 3699 rows!
[2026-07-13 09:43:34] [INFO] [db_helper]: [DATABASE] Saving data to table 'raw_games'...
[2026-07-13 09:43:34] [INFO] [db_helper]: [DATABASE] Successfully saved 50 rows to database!

[2026-07-13 09:43:35] [INFO] [db_helper]: [DATABASE] Executing query...
[2026-07-13 09:43:35] [INFO] [db_helper]: [DATABASE] Successfully loaded 149 rows!
[2026-07-13 09:43:55] [INFO] [db_helper]: [DATABASE] Saving data to table 'raw_reviews'...
[2026-07-13 09:43:55] [INFO] [db_helper]: [DATABASE] Successfully saved 200 rows to database!

[2026-07-13 09:44:11] [INFO] [db_helper]: [DATABASE] Saving data to table 'raw_reviews'...
[2026-07-13 09:44:11] [INFO] [db_helper]: [DATABASE] Successfully saved 200 rows to database!

[2026-07-13 09:44:28] [INFO] [db_helper]: [DATABASE] Saving data to table 'raw_reviews'...
[2026-07-13 09:44:28] [INFO] [db_helper]: [DATABASE] Successfully saved 200 rows to database!

[2026-07-13 09:44:45] [INFO] [db_helper]: [DATABASE] Saving data to table 'raw_reviews'...
[2026-07-13 09:44:45] [INFO] [db_helper]: [DATABASE] Successfully saved 200 rows to database!

[2026-07-13 09:45:01] [INFO] [db_helper]: [DATABASE] Saving data to table 'raw_reviews'...
[2026-07-13 09:45:01] [INFO] [db_helper]: [DATABASE] Successfully saved 200 rows to database!

[2026-07-13 09:45:17] [INFO] [db_helper]: [DATABASE] Saving data to table 'raw_reviews'...
[2026-07-13 09:45:17] [INFO] [db_helper]: [DATABASE] Successfully saved 200 rows to database!

[2026-07-13 09:45:34] [INFO] [db_helper]: [DATABASE] Saving data to table 'raw_reviews'...
[2026-07-13 09:45:34] [INFO] [db_helper]: [DATABASE] Successfully saved 200 rows to database!

[2026-07-13 09:45:50] [INFO] [db_helper]: [DATABASE] Saving data to table 'raw_reviews'...
[2026-07-13 09:45:50] [INFO] [db_helper]: [DATABASE] Successfully saved 200 rows to database!

[2026-07-13 09:46:07] [INFO] [db_helper]: [DATABASE] Saving data to table 'raw_reviews'...
[2026-07-13 09:46:07] [INFO] [db_helper]: [DATABASE] Successfully saved 200 rows to database!

[2026-07-13 09:46:24] [INFO] [db_helper]: [DATABASE] Saving data to table 'raw_reviews'...
[2026-07-13 09:46:24] [INFO] [db_helper]: [DATABASE] Successfully saved 200 rows to database!

[2026-07-13 09:46:41] [INFO] [db_helper]: [DATABASE] Saving data to table 'raw_reviews'...
[2026-07-13 09:46:41] [INFO] [db_helper]: [DATABASE] Successfully saved 200 rows to database!

[2026-07-13 09:46:58] [INFO] [db_helper]: [DATABASE] Saving data to table 'raw_reviews'...
[2026-07-13 09:46:58] [INFO] [db_helper]: [DATABASE] Successfully saved 200 rows to database!

[2026-07-13 09:47:15] [INFO] [db_helper]: [DATABASE] Saving data to table 'raw_reviews'...
[2026-07-13 09:47:15] [INFO] [db_helper]: [DATABASE] Successfully saved 200 rows to database!

[2026-07-13 09:47:31] [INFO] [db_helper]: [DATABASE] Saving data to table 'raw_reviews'...
[2026-07-13 09:47:31] [INFO] [db_helper]: [DATABASE] Successfully saved 200 rows to database!

[2026-07-13 09:47:48] [INFO] [db_helper]: [DATABASE] Saving data to table 'raw_reviews'...
[2026-07-13 09:47:48] [INFO] [db_helper]: [DATABASE] Successfully saved 200 rows to database!

[2026-07-13 09:48:05] [INFO] [db_helper]: [DATABASE] Saving data to table 'raw_reviews'...
[2026-07-13 09:48:05] [INFO] [db_helper]: [DATABASE] Successfully saved 200 rows to database!

[2026-07-13 09:48:21] [INFO] [db_helper]: [DATABASE] Saving data to table 'raw_reviews'...
[2026-07-13 09:48:21] [INFO] [db_helper]: [DATABASE] Successfully saved 200 rows to database!

[2026-07-13 09:48:39] [INFO] [db_helper]: [DATABASE] Saving data to table 'raw_reviews'...
[2026-07-13 09:48:39] [INFO] [db_helper]: [DATABASE] Successfully saved 219 rows to database!

[2026-07-13 09:48:57] [INFO] [db_helper]: [DATABASE] Saving data to table 'raw_reviews'...
[2026-07-13 09:48:57] [INFO] [db_helper]: [DATABASE] Successfully saved 200 rows to database!

[2026-07-13 09:49:14] [INFO] [db_helper]: [DATABASE] Saving data to table 'raw_reviews'...
[2026-07-13 09:49:14] [INFO] [db_helper]: [DATABASE] Successfully saved 200 rows to database!

[2026-07-13 09:49:30] [INFO] [db_helper]: [DATABASE] Saving data to table 'raw_reviews'...
[2026-07-13 09:49:30] [INFO] [db_helper]: [DATABASE] Successfully saved 200 rows to database!

[2026-07-13 09:49:47] [INFO] [db_helper]: [DATABASE] Saving data to table 'raw_reviews'...
[2026-07-13 09:49:47] [INFO] [db_helper]: [DATABASE] Successfully saved 200 rows to database!

[2026-07-13 09:50:03] [INFO] [db_helper]: [DATABASE] Saving data to table 'raw_reviews'...
[2026-07-13 09:50:03] [INFO] [db_helper]: [DATABASE] Successfully saved 200 rows to database!

[2026-07-13 09:50:19] [INFO] [db_helper]: [DATABASE] Saving data to table 'raw_reviews'...
[2026-07-13 09:50:19] [INFO] [db_helper]: [DATABASE] Successfully saved 200 rows to database!

[2026-07-13 09:50:37] [INFO] [db_helper]: [DATABASE] Saving data to table 'raw_reviews'...
[2026-07-13 09:50:37] [INFO] [db_helper]: [DATABASE] Successfully saved 200 rows to database!

[2026-07-13 09:50:53] [INFO] [db_helper]: [DATABASE] Saving data to table 'raw_reviews'...
[2026-07-13 09:50:53] [INFO] [db_helper]: [DATABASE] Successfully saved 200 rows to database!

[2026-07-13 09:51:10] [INFO] [db_helper]: [DATABASE] Saving data to table 'raw_reviews'...
[2026-07-13 09:51:10] [INFO] [db_helper]: [DATABASE] Successfully saved 200 rows to database!

[2026-07-13 09:51:26] [INFO] [db_helper]: [DATABASE] Saving data to table 'raw_reviews'...
[2026-07-13 09:51:26] [INFO] [db_helper]: [DATABASE] Successfully saved 200 rows to database!

[2026-07-13 09:51:42] [INFO] [db_helper]: [DATABASE] Saving data to table 'raw_reviews'...
[2026-07-13 09:51:42] [INFO] [db_helper]: [DATABASE] Successfully saved 200 rows to database!

[2026-07-13 09:51:58] [INFO] [db_helper]: [DATABASE] Saving data to table 'raw_reviews'...
[2026-07-13 09:51:58] [INFO] [db_helper]: [DATABASE] Successfully saved 200 rows to database!

[2026-07-13 09:52:15] [INFO] [db_helper]: [DATABASE] Saving data to table 'raw_reviews'...
[2026-07-13 09:52:15] [INFO] [db_helper]: [DATABASE] Successfully saved 200 rows to database!

[2026-07-13 09:52:31] [INFO] [db_helper]: [DATABASE] Saving data to table 'raw_reviews'...
[2026-07-13 09:52:31] [INFO] [db_helper]: [DATABASE] Successfully saved 200 rows to database!

[2026-07-13 09:52:48] [INFO] [db_helper]: [DATABASE] Saving data to table 'raw_reviews'...
[2026-07-13 09:52:48] [INFO] [db_helper]: [DATABASE] Successfully saved 200 rows to database!

[2026-07-13 09:53:05] [INFO] [db_helper]: [DATABASE] Saving data to table 'raw_reviews'...
[2026-07-13 09:53:05] [INFO] [db_helper]: [DATABASE] Successfully saved 200 rows to database!

[2026-07-13 09:53:22] [INFO] [db_helper]: [DATABASE] Saving data to table 'raw_reviews'...
[2026-07-13 09:53:22] [INFO] [db_helper]: [DATABASE] Successfully saved 200 rows to database!

[2026-07-13 09:53:39] [INFO] [db_helper]: [DATABASE] Saving data to table 'raw_reviews'...
[2026-07-13 09:53:39] [INFO] [db_helper]: [DATABASE] Successfully saved 200 rows to database!

[2026-07-13 09:53:56] [INFO] [db_helper]: [DATABASE] Saving data to table 'raw_reviews'...
[2026-07-13 09:53:56] [INFO] [db_helper]: [DATABASE] Successfully saved 200 rows to database!

[2026-07-13 09:54:12] [INFO] [db_helper]: [DATABASE] Saving data to table 'raw_reviews'...
[2026-07-13 09:54:12] [INFO] [db_helper]: [DATABASE] Successfully saved 200 rows to database!

[2026-07-13 09:54:28] [INFO] [db_helper]: [DATABASE] Saving data to table 'raw_reviews'...
[2026-07-13 09:54:28] [INFO] [db_helper]: [DATABASE] Successfully saved 200 rows to database!

[2026-07-13 09:54:45] [INFO] [db_helper]: [DATABASE] Saving data to table 'raw_reviews'...
[2026-07-13 09:54:45] [INFO] [db_helper]: [DATABASE] Successfully saved 200 rows to database!

[2026-07-13 09:55:01] [INFO] [db_helper]: [DATABASE] Saving data to table 'raw_reviews'...
[2026-07-13 09:55:01] [INFO] [db_helper]: [DATABASE] Successfully saved 200 rows to database!

[2026-07-13 09:55:18] [INFO] [db_helper]: [DATABASE] Saving data to table 'raw_reviews'...
[2026-07-13 09:55:18] [INFO] [db_helper]: [DATABASE] Successfully saved 200 rows to database!

[2026-07-13 09:55:34] [INFO] [db_helper]: [DATABASE] Saving data to table 'raw_reviews'...
[2026-07-13 09:55:34] [INFO] [db_helper]: [DATABASE] Successfully saved 200 rows to database!

[2026-07-13 09:55:50] [INFO] [db_helper]: [DATABASE] Saving data to table 'raw_reviews'...
[2026-07-13 09:55:50] [INFO] [db_helper]: [DATABASE] Successfully saved 200 rows to database!

[2026-07-13 09:56:07] [INFO] [db_helper]: [DATABASE] Saving data to table 'raw_reviews'...
[2026-07-13 09:56:07] [INFO] [db_helper]: [DATABASE] Successfully saved 200 rows to database!

[2026-07-13 09:56:24] [INFO] [db_helper]: [DATABASE] Saving data to table 'raw_reviews'...
[2026-07-13 09:56:24] [INFO] [db_helper]: [DATABASE] Successfully saved 200 rows to database!

[2026-07-13 09:56:41] [INFO] [db_helper]: [DATABASE] Saving data to table 'raw_reviews'...
[2026-07-13 09:56:41] [INFO] [db_helper]: [DATABASE] Successfully saved 200 rows to database!

[2026-07-13 09:56:58] [INFO] [db_helper]: [DATABASE] Saving data to table 'raw_reviews'...
[2026-07-13 09:56:58] [INFO] [db_helper]: [DATABASE] Successfully saved 200 rows to database!

[2026-07-13 09:57:14] [INFO] [db_helper]: [DATABASE] Saving data to table 'raw_reviews'...
[2026-07-13 09:57:14] [INFO] [db_helper]: [DATABASE] Successfully saved 200 rows to database!

[2026-07-13 09:57:17] [INFO] [db_helper]: [DATABASE] Saving data to table 'raw_reviews'...
[2026-07-13 09:57:17] [INFO] [db_helper]: [DATABASE] Successfully saved 16 rows to database!

[2026-07-13 09:57:33] [INFO] [db_helper]: [DATABASE] Saving data to table 'raw_reviews'...
[2026-07-13 09:57:33] [INFO] [db_helper]: [DATABASE] Successfully saved 200 rows to database!

[2026-07-13 09:57:49] [INFO] [db_helper]: [DATABASE] Saving data to table 'raw_reviews'...
[2026-07-13 09:57:49] [INFO] [db_helper]: [DATABASE] Successfully saved 200 rows to database!

[2026-07-13 09:58:06] [INFO] [db_helper]: [DATABASE] Saving data to table 'raw_reviews'...
[2026-07-13 09:58:06] [INFO] [db_helper]: [DATABASE] Successfully saved 200 rows to database!

[2026-07-13 09:58:22] [INFO] [db_helper]: [DATABASE] Saving data to table 'raw_reviews'...
[2026-07-13 09:58:22] [INFO] [db_helper]: [DATABASE] Successfully saved 200 rows to database!

[2026-07-13 09:58:39] [INFO] [db_helper]: [DATABASE] Saving data to table 'raw_reviews'...
[2026-07-13 09:58:39] [INFO] [db_helper]: [DATABASE] Successfully saved 200 rows to database!

[2026-07-13 09:58:55] [INFO] [db_helper]: [DATABASE] Saving data to table 'raw_reviews'...
[2026-07-13 09:58:55] [INFO] [db_helper]: [DATABASE] Successfully saved 200 rows to database!

[2026-07-13 09:59:12] [INFO] [db_helper]: [DATABASE] Saving data to table 'raw_reviews'...
[2026-07-13 09:59:12] [INFO] [db_helper]: [DATABASE] Successfully saved 200 rows to database!

[2026-07-13 09:59:28] [INFO] [db_helper]: [DATABASE] Saving data to table 'raw_reviews'...
[2026-07-13 09:59:28] [INFO] [db_helper]: [DATABASE] Successfully saved 200 rows to database!

[2026-07-13 09:59:45] [INFO] [db_helper]: [DATABASE] Saving data to table 'raw_reviews'...
[2026-07-13 09:59:45] [INFO] [db_helper]: [DATABASE] Successfully saved 200 rows to database!

[2026-07-13 10:00:02] [INFO] [db_helper]: [DATABASE] Saving data to table 'raw_reviews'...
[2026-07-13 10:00:02] [INFO] [db_helper]: [DATABASE] Successfully saved 200 rows to database!

[2026-07-13 10:00:19] [INFO] [db_helper]: [DATABASE] Saving data to table 'raw_reviews'...
[2026-07-13 10:00:19] [INFO] [db_helper]: [DATABASE] Successfully saved 200 rows to database!

[2026-07-13 10:00:36] [INFO] [db_helper]: [DATABASE] Saving data to table 'raw_reviews'...
[2026-07-13 10:00:36] [INFO] [db_helper]: [DATABASE] Successfully saved 200 rows to database!

[2026-07-13 10:00:53] [INFO] [db_helper]: [DATABASE] Saving data to table 'raw_reviews'...
[2026-07-13 10:00:53] [INFO] [db_helper]: [DATABASE] Successfully saved 200 rows to database!

[2026-07-13 10:01:09] [INFO] [db_helper]: [DATABASE] Saving data to table 'raw_reviews'...
[2026-07-13 10:01:09] [INFO] [db_helper]: [DATABASE] Successfully saved 200 rows to database!

[2026-07-13 10:01:27] [INFO] [db_helper]: [DATABASE] Saving data to table 'raw_reviews'...
[2026-07-13 10:01:27] [INFO] [db_helper]: [DATABASE] Successfully saved 200 rows to database!

[2026-07-13 10:01:43] [INFO] [db_helper]: [DATABASE] Saving data to table 'raw_reviews'...
[2026-07-13 10:01:43] [INFO] [db_helper]: [DATABASE] Successfully saved 200 rows to database!

[2026-07-13 10:02:00] [INFO] [db_helper]: [DATABASE] Saving data to table 'raw_reviews'...
[2026-07-13 10:02:00] [INFO] [db_helper]: [DATABASE] Successfully saved 200 rows to database!

[2026-07-13 10:02:17] [INFO] [db_helper]: [DATABASE] Saving data to table 'raw_reviews'...
[2026-07-13 10:02:17] [INFO] [db_helper]: [DATABASE] Successfully saved 200 rows to database!

[2026-07-13 10:02:35] [INFO] [db_helper]: [DATABASE] Saving data to table 'raw_reviews'...
[2026-07-13 10:02:35] [INFO] [db_helper]: [DATABASE] Successfully saved 200 rows to database!

[2026-07-13 10:02:52] [INFO] [db_helper]: [DATABASE] Saving data to table 'raw_reviews'...
[2026-07-13 10:02:52] [INFO] [db_helper]: [DATABASE] Successfully saved 200 rows to database!

[2026-07-13 10:03:08] [INFO] [db_helper]: [DATABASE] Saving data to table 'raw_reviews'...
[2026-07-13 10:03:08] [INFO] [db_helper]: [DATABASE] Successfully saved 200 rows to database!

[2026-07-13 10:03:25] [INFO] [db_helper]: [DATABASE] Saving data to table 'raw_reviews'...
[2026-07-13 10:03:25] [INFO] [db_helper]: [DATABASE] Successfully saved 200 rows to database!

[2026-07-13 10:03:42] [INFO] [db_helper]: [DATABASE] Saving data to table 'raw_reviews'...
[2026-07-13 10:03:42] [INFO] [db_helper]: [DATABASE] Successfully saved 200 rows to database!

[2026-07-13 10:03:59] [INFO] [db_helper]: [DATABASE] Saving data to table 'raw_reviews'...
[2026-07-13 10:03:59] [INFO] [db_helper]: [DATABASE] Successfully saved 200 rows to database!

[2026-07-13 10:04:16] [INFO] [db_helper]: [DATABASE] Saving data to table 'raw_reviews'...
[2026-07-13 10:04:16] [INFO] [db_helper]: [DATABASE] Successfully saved 200 rows to database!

[2026-07-13 10:04:33] [INFO] [db_helper]: [DATABASE] Saving data to table 'raw_reviews'...
[2026-07-13 10:04:33] [INFO] [db_helper]: [DATABASE] Successfully saved 200 rows to database!

[2026-07-13 10:04:50] [INFO] [db_helper]: [DATABASE] Saving data to table 'raw_reviews'...
[2026-07-13 10:04:50] [INFO] [db_helper]: [DATABASE] Successfully saved 200 rows to database!

[2026-07-13 10:05:06] [INFO] [db_helper]: [DATABASE] Saving data to table 'raw_reviews'...
[2026-07-13 10:05:06] [INFO] [db_helper]: [DATABASE] Successfully saved 200 rows to database!

[2026-07-13 10:05:23] [INFO] [db_helper]: [DATABASE] Saving data to table 'raw_reviews'...
[2026-07-13 10:05:23] [INFO] [db_helper]: [DATABASE] Successfully saved 200 rows to database!

[2026-07-13 10:05:40] [INFO] [db_helper]: [DATABASE] Saving data to table 'raw_reviews'...
[2026-07-13 10:05:40] [INFO] [db_helper]: [DATABASE] Successfully saved 200 rows to database!

[2026-07-13 10:05:57] [INFO] [db_helper]: [DATABASE] Saving data to table 'raw_reviews'...
[2026-07-13 10:05:57] [INFO] [db_helper]: [DATABASE] Successfully saved 200 rows to database!

[2026-07-13 10:06:15] [INFO] [db_helper]: [DATABASE] Saving data to table 'raw_reviews'...
[2026-07-13 10:06:15] [INFO] [db_helper]: [DATABASE] Successfully saved 219 rows to database!

[2026-07-13 10:06:32] [INFO] [db_helper]: [DATABASE] Saving data to table 'raw_reviews'...
[2026-07-13 10:06:32] [INFO] [db_helper]: [DATABASE] Successfully saved 200 rows to database!

[2026-07-13 10:06:48] [INFO] [db_helper]: [DATABASE] Saving data to table 'raw_reviews'...
[2026-07-13 10:06:48] [INFO] [db_helper]: [DATABASE] Successfully saved 200 rows to database!

[2026-07-13 10:07:04] [INFO] [db_helper]: [DATABASE] Saving data to table 'raw_reviews'...
[2026-07-13 10:07:05] [INFO] [db_helper]: [DATABASE] Successfully saved 200 rows to database!

[2026-07-13 10:07:21] [INFO] [db_helper]: [DATABASE] Saving data to table 'raw_reviews'...
[2026-07-13 10:07:21] [INFO] [db_helper]: [DATABASE] Successfully saved 200 rows to database!

[2026-07-13 10:07:38] [INFO] [db_helper]: [DATABASE] Saving data to table 'raw_reviews'...
[2026-07-13 10:07:38] [INFO] [db_helper]: [DATABASE] Successfully saved 200 rows to database!

[2026-07-13 10:07:54] [INFO] [db_helper]: [DATABASE] Saving data to table 'raw_reviews'...
[2026-07-13 10:07:54] [INFO] [db_helper]: [DATABASE] Successfully saved 200 rows to database!

[2026-07-13 10:08:11] [INFO] [db_helper]: [DATABASE] Saving data to table 'raw_reviews'...
[2026-07-13 10:08:11] [INFO] [db_helper]: [DATABASE] Successfully saved 200 rows to database!

[2026-07-13 10:08:27] [INFO] [db_helper]: [DATABASE] Saving data to table 'raw_reviews'...
[2026-07-13 10:08:27] [INFO] [db_helper]: [DATABASE] Successfully saved 200 rows to database!

[2026-07-13 10:08:43] [INFO] [db_helper]: [DATABASE] Saving data to table 'raw_reviews'...
[2026-07-13 10:08:43] [INFO] [db_helper]: [DATABASE] Successfully saved 200 rows to database!

[2026-07-13 10:09:00] [INFO] [db_helper]: [DATABASE] Saving data to table 'raw_reviews'...
[2026-07-13 10:09:00] [INFO] [db_helper]: [DATABASE] Successfully saved 200 rows to database!

[2026-07-13 10:09:18] [INFO] [db_helper]: [DATABASE] Saving data to table 'raw_reviews'...
[2026-07-13 10:09:18] [INFO] [db_helper]: [DATABASE] Successfully saved 219 rows to database!

[2026-07-13 10:09:34] [INFO] [db_helper]: [DATABASE] Saving data to table 'raw_reviews'...
[2026-07-13 10:09:34] [INFO] [db_helper]: [DATABASE] Successfully saved 200 rows to database!

[2026-07-13 10:09:51] [INFO] [db_helper]: [DATABASE] Saving data to table 'raw_reviews'...
[2026-07-13 10:09:51] [INFO] [db_helper]: [DATABASE] Successfully saved 200 rows to database!

[2026-07-13 10:10:07] [INFO] [db_helper]: [DATABASE] Saving data to table 'raw_reviews'...
[2026-07-13 10:10:07] [INFO] [db_helper]: [DATABASE] Successfully saved 200 rows to database!

[2026-07-13 10:10:24] [INFO] [db_helper]: [DATABASE] Saving data to table 'raw_reviews'...
[2026-07-13 10:10:24] [INFO] [db_helper]: [DATABASE] Successfully saved 200 rows to database!

[2026-07-13 10:10:41] [INFO] [db_helper]: [DATABASE] Saving data to table 'raw_reviews'...
[2026-07-13 10:10:41] [INFO] [db_helper]: [DATABASE] Successfully saved 200 rows to database!

[2026-07-13 10:10:58] [INFO] [db_helper]: [DATABASE] Saving data to table 'raw_reviews'...
[2026-07-13 10:10:58] [INFO] [db_helper]: [DATABASE] Successfully saved 200 rows to database!

[2026-07-13 10:11:14] [INFO] [db_helper]: [DATABASE] Saving data to table 'raw_reviews'...
[2026-07-13 10:11:14] [INFO] [db_helper]: [DATABASE] Successfully saved 200 rows to database!

[2026-07-13 10:11:31] [INFO] [db_helper]: [DATABASE] Saving data to table 'raw_reviews'...
[2026-07-13 10:11:31] [INFO] [db_helper]: [DATABASE] Successfully saved 200 rows to database!

[2026-07-13 10:11:47] [INFO] [db_helper]: [DATABASE] Saving data to table 'raw_reviews'...
[2026-07-13 10:11:48] [INFO] [db_helper]: [DATABASE] Successfully saved 200 rows to database!

[2026-07-13 10:12:06] [INFO] [db_helper]: [DATABASE] Saving data to table 'raw_reviews'...
[2026-07-13 10:12:06] [INFO] [db_helper]: [DATABASE] Successfully saved 200 rows to database!

[2026-07-13 10:12:24] [INFO] [db_helper]: [DATABASE] Saving data to table 'raw_reviews'...
[2026-07-13 10:12:24] [INFO] [db_helper]: [DATABASE] Successfully saved 219 rows to database!

[2026-07-13 10:12:40] [INFO] [db_helper]: [DATABASE] Saving data to table 'raw_reviews'...
[2026-07-13 10:12:40] [INFO] [db_helper]: [DATABASE] Successfully saved 200 rows to database!

[2026-07-13 10:12:57] [INFO] [db_helper]: [DATABASE] Saving data to table 'raw_reviews'...
[2026-07-13 10:12:57] [INFO] [db_helper]: [DATABASE] Successfully saved 200 rows to database!

[2026-07-13 10:13:15] [INFO] [db_helper]: [DATABASE] Saving data to table 'raw_reviews'...
[2026-07-13 10:13:15] [INFO] [db_helper]: [DATABASE] Successfully saved 200 rows to database!

[2026-07-13 10:13:31] [INFO] [db_helper]: [DATABASE] Saving data to table 'raw_reviews'...
[2026-07-13 10:13:31] [INFO] [db_helper]: [DATABASE] Successfully saved 200 rows to database!

[2026-07-13 10:13:49] [INFO] [db_helper]: [DATABASE] Saving data to table 'raw_reviews'...
[2026-07-13 10:13:49] [INFO] [db_helper]: [DATABASE] Successfully saved 200 rows to database!

[2026-07-13 10:14:06] [INFO] [db_helper]: [DATABASE] Saving data to table 'raw_reviews'...
[2026-07-13 10:14:06] [INFO] [db_helper]: [DATABASE] Successfully saved 200 rows to database!

[2026-07-13 10:14:24] [INFO] [db_helper]: [DATABASE] Saving data to table 'raw_reviews'...
[2026-07-13 10:14:24] [INFO] [db_helper]: [DATABASE] Successfully saved 200 rows to database!

[2026-07-13 10:14:40] [INFO] [db_helper]: [DATABASE] Saving data to table 'raw_reviews'...
[2026-07-13 10:14:40] [INFO] [db_helper]: [DATABASE] Successfully saved 200 rows to database!

[2026-07-13 10:14:58] [INFO] [db_helper]: [DATABASE] Saving data to table 'raw_reviews'...
[2026-07-13 10:14:58] [INFO] [db_helper]: [DATABASE] Successfully saved 200 rows to database!

[2026-07-13 10:15:15] [INFO] [db_helper]: [DATABASE] Saving data to table 'raw_reviews'...
[2026-07-13 10:15:15] [INFO] [db_helper]: [DATABASE] Successfully saved 200 rows to database!

[2026-07-13 10:15:32] [INFO] [db_helper]: [DATABASE] Saving data to table 'raw_reviews'...
[2026-07-13 10:15:32] [INFO] [db_helper]: [DATABASE] Successfully saved 200 rows to database!

[2026-07-13 10:15:49] [INFO] [db_helper]: [DATABASE] Saving data to table 'raw_reviews'...
[2026-07-13 10:15:49] [INFO] [db_helper]: [DATABASE] Successfully saved 200 rows to database!

[2026-07-13 10:16:05] [INFO] [db_helper]: [DATABASE] Saving data to table 'raw_reviews'...
[2026-07-13 10:16:05] [INFO] [db_helper]: [DATABASE] Successfully saved 200 rows to database!

[2026-07-13 10:16:22] [INFO] [db_helper]: [DATABASE] Saving data to table 'raw_reviews'...
[2026-07-13 10:16:22] [INFO] [db_helper]: [DATABASE] Successfully saved 200 rows to database!

[2026-07-13 10:16:40] [INFO] [db_helper]: [DATABASE] Saving data to table 'raw_reviews'...
[2026-07-13 10:16:40] [INFO] [db_helper]: [DATABASE] Successfully saved 200 rows to database!

[2026-07-13 10:16:57] [INFO] [db_helper]: [DATABASE] Saving data to table 'raw_reviews'...
[2026-07-13 10:16:57] [INFO] [db_helper]: [DATABASE] Successfully saved 200 rows to database!

[2026-07-13 10:17:14] [INFO] [db_helper]: [DATABASE] Saving data to table 'raw_reviews'...
[2026-07-13 10:17:14] [INFO] [db_helper]: [DATABASE] Successfully saved 200 rows to database!

[2026-07-13 10:17:30] [INFO] [db_helper]: [DATABASE] Saving data to table 'raw_reviews'...
[2026-07-13 10:17:30] [INFO] [db_helper]: [DATABASE] Successfully saved 200 rows to database!

[2026-07-13 10:17:46] [INFO] [db_helper]: [DATABASE] Saving data to table 'raw_reviews'...
[2026-07-13 10:17:46] [INFO] [db_helper]: [DATABASE] Successfully saved 200 rows to database!

[2026-07-13 10:18:02] [INFO] [db_helper]: [DATABASE] Saving data to table 'raw_reviews'...
[2026-07-13 10:18:02] [INFO] [db_helper]: [DATABASE] Successfully saved 200 rows to database!

[2026-07-13 10:18:13] [INFO] [db_helper]: [DATABASE] Saving data to table 'raw_reviews'...
[2026-07-13 10:18:13] [INFO] [db_helper]: [DATABASE] Successfully saved 120 rows to database!

[2026-07-13 10:18:17] [INFO] [db_helper]: [DATABASE] Saving data to table 'raw_reviews'...
[2026-07-13 10:18:17] [INFO] [db_helper]: [DATABASE] Successfully saved 25 rows to database!

[2026-07-13 10:18:36] [INFO] [db_helper]: [DATABASE] Saving data to table 'raw_reviews'...
[2026-07-13 10:18:36] [INFO] [db_helper]: [DATABASE] Successfully saved 200 rows to database!

[2026-07-13 10:18:48] [INFO] [db_helper]: [DATABASE] Saving data to table 'raw_reviews'...
[2026-07-13 10:18:48] [INFO] [db_helper]: [DATABASE] Successfully saved 122 rows to database!

[2026-07-13 10:19:05] [INFO] [db_helper]: [DATABASE] Saving data to table 'raw_reviews'...
[2026-07-13 10:19:05] [INFO] [db_helper]: [DATABASE] Successfully saved 200 rows to database!

[2026-07-13 10:19:22] [INFO] [db_helper]: [DATABASE] Saving data to table 'raw_reviews'...
[2026-07-13 10:19:22] [INFO] [db_helper]: [DATABASE] Successfully saved 200 rows to database!

[2026-07-13 10:19:39] [INFO] [db_helper]: [DATABASE] Saving data to table 'raw_reviews'...
[2026-07-13 10:19:39] [INFO] [db_helper]: [DATABASE] Successfully saved 200 rows to database!

[2026-07-13 10:19:57] [INFO] [db_helper]: [DATABASE] Saving data to table 'raw_reviews'...
[2026-07-13 10:19:57] [INFO] [db_helper]: [DATABASE] Successfully saved 200 rows to database!

[2026-07-13 10:20:13] [INFO] [db_helper]: [DATABASE] Saving data to table 'raw_reviews'...
[2026-07-13 10:20:13] [INFO] [db_helper]: [DATABASE] Successfully saved 200 rows to database!

[2026-07-13 10:20:29] [INFO] [db_helper]: [DATABASE] Saving data to table 'raw_reviews'...
[2026-07-13 10:20:29] [INFO] [db_helper]: [DATABASE] Successfully saved 200 rows to database!

[2026-07-13 10:20:45] [INFO] [db_helper]: [DATABASE] Saving data to table 'raw_reviews'...
[2026-07-13 10:20:45] [INFO] [db_helper]: [DATABASE] Successfully saved 200 rows to database!

[2026-07-13 10:21:03] [INFO] [db_helper]: [DATABASE] Saving data to table 'raw_reviews'...
[2026-07-13 10:21:03] [INFO] [db_helper]: [DATABASE] Successfully saved 200 rows to database!

[2026-07-13 10:21:19] [INFO] [db_helper]: [DATABASE] Saving data to table 'raw_reviews'...
[2026-07-13 10:21:19] [INFO] [db_helper]: [DATABASE] Successfully saved 200 rows to database!

[2026-07-13 10:21:28] [INFO] [db_helper]: [DATABASE] Saving data to table 'raw_reviews'...
[2026-07-13 10:21:28] [INFO] [db_helper]: [DATABASE] Successfully saved 87 rows to database!

[2026-07-13 10:21:46] [INFO] [db_helper]: [DATABASE] Saving data to table 'raw_reviews'...
[2026-07-13 10:21:46] [INFO] [db_helper]: [DATABASE] Successfully saved 200 rows to database!

[2026-07-13 10:22:02] [INFO] [db_helper]: [DATABASE] Saving data to table 'raw_reviews'...
[2026-07-13 10:22:02] [INFO] [db_helper]: [DATABASE] Successfully saved 200 rows to database!

[2026-07-13 10:22:19] [INFO] [db_helper]: [DATABASE] Saving data to table 'raw_reviews'...
[2026-07-13 10:22:19] [INFO] [db_helper]: [DATABASE] Successfully saved 200 rows to database!

[2026-07-13 10:22:37] [INFO] [db_helper]: [DATABASE] Saving data to table 'raw_reviews'...
[2026-07-13 10:22:37] [INFO] [db_helper]: [DATABASE] Successfully saved 200 rows to database!

[2026-07-13 10:22:54] [INFO] [db_helper]: [DATABASE] Saving data to table 'raw_reviews'...
[2026-07-13 10:22:54] [INFO] [db_helper]: [DATABASE] Successfully saved 200 rows to database!

[2026-07-13 10:23:10] [INFO] [db_helper]: [DATABASE] Saving data to table 'raw_reviews'...
[2026-07-13 10:23:10] [INFO] [db_helper]: [DATABASE] Successfully saved 200 rows to database!

[2026-07-13 10:23:27] [INFO] [db_helper]: [DATABASE] Saving data to table 'raw_reviews'...
[2026-07-13 10:23:27] [INFO] [db_helper]: [DATABASE] Successfully saved 200 rows to database!

[2026-07-13 10:23:44] [INFO] [db_helper]: [DATABASE] Saving data to table 'raw_reviews'...
[2026-07-13 10:23:44] [INFO] [db_helper]: [DATABASE] Successfully saved 200 rows to database!

[2026-07-13 10:23:45] [INFO] [db_helper]: [DATABASE] Executing query...
[2026-07-13 10:23:45] [INFO] [db_helper]: [DATABASE] Successfully loaded 1200 rows!
[2026-07-13 10:23:45] [INFO] [db_helper]: [DATABASE] Saving data to table 'cleaned_games'...
[2026-07-13 10:23:45] [INFO] [db_helper]: [DATABASE] Successfully saved 146 rows to database!

[2026-07-13 10:23:45] [INFO] [db_helper]: [DATABASE] Executing query...
[2026-07-13 10:23:47] [INFO] [db_helper]: [DATABASE] Successfully loaded 331921 rows!
[2026-07-13 10:23:48] [INFO] [db_helper]: [DATABASE] Saving data to table 'cleaned_reviews'...
[2026-07-13 10:23:50] [INFO] [db_helper]: [DATABASE] Successfully saved 100664 rows to database!

[2026-07-13 10:24:17] [INFO] [db_helper]: [DATABASE] Executing query...
[2026-07-13 10:24:17] [INFO] [db_helper]: [DATABASE] Successfully loaded 10000 rows!
[2026-07-13 10:24:31] [INFO] [db_helper]: [DATABASE] Executing query...
[2026-07-13 10:24:31] [INFO] [db_helper]: [DATABASE] Successfully loaded 10000 rows!
[2026-07-13 10:36:24] [INFO] [db_helper]: [DATABASE] Executing query...
[2026-07-13 10:36:25] [INFO] [db_helper]: [DATABASE] Successfully loaded 3899 rows!
[2026-07-13 10:41:14] [INFO] [db_helper]: [DATABASE] Executing query...
[2026-07-13 10:41:16] [INFO] [db_helper]: [DATABASE] Successfully loaded 3899 rows!
[2026-07-13 10:43:02] [INFO] [db_helper]: [DATABASE] Executing query...
[2026-07-13 10:43:02] [INFO] [db_helper]: [DATABASE] Successfully loaded 3899 rows!
[2026-07-13 10:44:59] [INFO] [db_helper]: [DATABASE] Executing query...
[2026-07-13 10:44:59] [INFO] [db_helper]: [DATABASE] Successfully loaded 3899 rows!
[2026-07-13 10:48:53] [INFO] [db_helper]: [DATABASE] Executing query...
[2026-07-13 10:48:53] [INFO] [db_helper]: [DATABASE] Successfully loaded 3899 rows!
[2026-07-13 10:52:47] [INFO] [db_helper]: [DATABASE] Executing query...
[2026-07-13 10:52:48] [INFO] [db_helper]: [DATABASE] Successfully loaded 3800 rows!
[2026-07-13 10:57:22] [INFO] [db_helper]: [DATABASE] Executing query...
[2026-07-13 10:57:23] [INFO] [db_helper]: [DATABASE] Successfully loaded 3899 rows!
[2026-07-13 11:01:01] [INFO] [db_helper]: [DATABASE] Executing query...
[2026-07-13 11:01:01] [INFO] [db_helper]: [DATABASE] Successfully loaded 3899 rows!
[2026-07-13 11:01:24] [INFO] [db_helper]: [DATABASE] Executing query...
[2026-07-13 11:01:24] [INFO] [db_helper]: [DATABASE] Successfully loaded 3899 rows!
[2026-07-13 11:03:00] [INFO] [db_helper]: [DATABASE] Executing query...
[2026-07-13 11:03:01] [INFO] [db_helper]: [DATABASE] Successfully loaded 3899 rows!
[2026-07-13 11:04:19] [INFO] [db_helper]: [DATABASE] Executing query...
[2026-07-13 11:04:19] [INFO] [db_helper]: [DATABASE] Successfully loaded 3899 rows!
[2026-07-13 11:07:01] [INFO] [db_helper]: [DATABASE] Executing query...
[2026-07-13 11:07:02] [INFO] [db_helper]: [DATABASE] Successfully loaded 3899 rows!
[2026-07-13 11:09:30] [INFO] [db_helper]: [DATABASE] Executing query...
[2026-07-13 11:09:31] [INFO] [db_helper]: [DATABASE] Successfully loaded 3899 rows!
[2026-07-13 11:14:10] [INFO] [db_helper]: [DATABASE] Executing query...
[2026-07-13 11:14:11] [INFO] [db_helper]: [DATABASE] Successfully loaded 3899 rows!
[2026-07-13 11:38:53] [INFO] [db_helper]: [DATABASE] Executing query...
[2026-07-13 11:38:53] [INFO] [db_helper]: [DATABASE] Successfully loaded 200 rows!
[2026-07-13 11:52:13] [INFO] [db_helper]: [DATABASE] Executing query...
[2026-07-13 11:52:16] [INFO] [db_helper]: [DATABASE] Successfully loaded 146 rows!
[2026-07-13 11:52:25] [INFO] [db_helper]: [DATABASE] Executing query...
[2026-07-13 11:52:26] [INFO] [db_helper]: [DATABASE] Successfully loaded 3800 rows!
[2026-07-13 11:52:28] [INFO] [db_helper]: [DATABASE] Executing query...
[2026-07-13 11:52:29] [INFO] [db_helper]: [DATABASE] Successfully loaded 200 rows!
[2026-07-13 11:52:55] [INFO] [db_helper]: [DATABASE] Executing query...
[2026-07-13 11:52:56] [INFO] [db_helper]: [DATABASE] Successfully loaded 3899 rows!
[2026-07-13 11:54:39] [INFO] [db_helper]: [DATABASE] Executing query...
[2026-07-13 11:54:40] [INFO] [db_helper]: [DATABASE] Successfully loaded 146 rows!
[2026-07-13 11:54:44] [INFO] [db_helper]: [DATABASE] Executing query...
[2026-07-13 11:54:44] [INFO] [db_helper]: [DATABASE] Successfully loaded 3400 rows!
[2026-07-13 11:54:47] [INFO] [db_helper]: [DATABASE] Executing query...
[2026-07-13 11:54:52] [INFO] [db_helper]: [DATABASE] Successfully loaded 3800 rows!
[2026-07-13 11:57:11] [INFO] [db_helper]: [DATABASE] Executing query...
[2026-07-13 11:57:12] [INFO] [db_helper]: [DATABASE] Successfully loaded 146 rows!
[2026-07-13 11:58:34] [INFO] [db_helper]: [DATABASE] Executing query...
[2026-07-13 11:58:36] [INFO] [db_helper]: [DATABASE] Successfully loaded 146 rows!
[2026-07-13 11:58:39] [INFO] [db_helper]: [DATABASE] Executing query...
[2026-07-13 11:58:40] [INFO] [db_helper]: [DATABASE] Successfully loaded 146 rows!
[2026-07-13 11:59:54] [INFO] [db_helper]: [DATABASE] Executing query...
[2026-07-13 11:59:55] [INFO] [db_helper]: [DATABASE] Successfully loaded 146 rows!
[2026-07-13 12:43:37] [INFO] [db_helper]: [DATABASE] Executing query...
[2026-07-13 12:43:38] [INFO] [db_helper]: [DATABASE] Successfully loaded 3899 rows!
[2026-07-13 12:44:34] [INFO] [db_helper]: [DATABASE] Executing query...
[2026-07-13 12:44:34] [INFO] [db_helper]: [DATABASE] Successfully loaded 3800 rows!
[2026-07-13 14:15:14] [INFO] [db_helper]: [DATABASE] Executing query...
[2026-07-13 14:15:16] [INFO] [db_helper]: [DATABASE] Successfully loaded 3899 rows!
[2026-07-13 16:04:32] [INFO] [db_helper]: [DATABASE] Executing query...
[2026-07-13 16:04:34] [INFO] [db_helper]: [DATABASE] Successfully loaded 3899 rows!
[2026-07-13 17:15:00] [INFO] [db_helper]: [DATABASE] Executing query...
[2026-07-13 17:15:02] [INFO] [db_helper]: [DATABASE] Successfully loaded 3899 rows!
[2026-07-13 23:22:31] [INFO] [db_helper]: [DATABASE] Executing query...
[2026-07-13 23:22:33] [INFO] [db_helper]: [DATABASE] Successfully loaded 3899 rows!
